"location_id","province","city","2019Q4","2020Q1","2020Q4","2021Q1","change_Q1_rel","change_Q4_rel"
"aba_chn.26_1_cn","Sichuan","Aba",15.837980565391,13.8032839685332,18.4545220356713,16.757909773153,0.214052381401076,0.16520676101838
"aksu_chn.28_1_cn","Xinjiang Uygur","Aksu",42.3045135428959,39.4619160097492,43.6561502417512,44.6454425833221,0.131355167151344,0.0319501770770794
"ali_chn.29_1_cn","Xizang","Ali",5.87508511673248,5.86002893749536,7.15472309668655,8.88900484097139,0.516887533454851,0.217807564406108
"altay_chn.28_1_cn","Xinjiang Uygur","Altay",10.4200499780092,10.3209291060454,11.8080931759146,11.3724191516061,0.101879398139147,0.133208881035581
"alxa_chn.19_1_cn","Nei Mongol","Alxa",22.5750630918088,24.8720301555011,22.7614301127225,23.6541230492092,-0.0489669358985761,0.00825543743358925
"ankang_chn.22_1_cn","Shaanxi","Ankang",33.8453519173324,33.334550417037,38.1270316152888,39.0712982829978,0.172096152316151,0.126507170273022
"anqing_chn.1_1_cn","Anhui","Anqing",40.354956476133,36.4401039289038,39.7222972369646,38.7029359519178,0.0620972988284787,-0.0156773614547846
"anshan_chn.18_1_cn","Liaoning","Anshan",37.8843382625105,37.8776722273093,35.9605657231185,47.5179175607561,0.254509972935885,-0.0507801542173345
"anshun_chn.8_1_cn","Guizhou","Anshun",21.7852714482621,23.0492395587441,24.7235371771526,30.3399187503499,0.316308881819052,0.134873955363309
"anyang_chn.12_1_cn","Henan","Anyang",59.7202519334211,56.6262806371287,59.9971008078174,59.5966235305627,0.0524552003065246,0.00463576199753857
"baicheng_chn.17_1_cn","Jilin","Baicheng",23.3520691900646,27.762646107656,24.0757487067792,29.4063037354295,0.0592039253535066,0.0309899525744195
"baise_chn.7_1_cn","Guangxi","Baise",28.3931970309355,28.9523854469073,27.8058912205495,37.8643233449426,0.307813596719965,-0.0206847369018071
"baishan_chn.17_1_cn","Jilin","Baishan",26.0726138683476,27.6910216057048,27.9413085431826,30.8288837150342,0.113316949948964,0.0716727016428365
"baiyin_chn.5_1_cn","Gansu","Baiyin",28.7570895833986,26.877616252764,27.9120841063774,25.3201615631485,-0.057946161406903,-0.0293842488674192
"baoding_chn.10_1_cn","Hebei","Baoding",48.4289785058806,49.5735509036983,49.6082075668302,54.0564004170574,0.0904282511871597,0.0243496579389217
"baoji_chn.22_1_cn","Shaanxi","Baoji",47.75224300033,46.7373111435363,48.9684979825525,50.9665360563476,0.090489264558306,0.0254701120995324
"baoshan_chn.30_1_cn","Yunnan","Baoshan",21.001719911468,21.2937397843633,18.7960186191871,29.2246322504682,0.372451835441735,-0.105024793282599
"baotou_chn.19_1_cn","Nei Mongol","Baotou",38.55404658401,42.0198542824986,35.5132119771182,32.3177081796748,-0.23089433003733,-0.07887199597235
"bayan nur_chn.19_1_cn","Nei Mongol","Bayan Nur",31.4464506695564,31.3369736175239,26.1841787910186,24.0803475484938,-0.231567545660252,-0.1673407257892
"bazhong_chn.26_1_cn","Sichuan","Bazhong",28.9188004896237,29.0617309677069,26.837131662209,29.0195701702178,-0.00145073249545957,-0.0719832355481534
"beihai_chn.7_1_cn","Guangxi","Beihai",25.3872435988565,24.4480296506579,28.7801922617637,31.329003679476,0.281453112056125,0.133647776675527
"beijing_chn.2_1_cn","Beijing","Beijing",38.00937769038,38.9976802905859,40.2857575438741,47.6557579651678,0.222015197059603,0.059889953264618
"bengbu_chn.1_1_cn","Anhui","Bengbu",49.1606510533306,46.0801159634774,46.257623524709,41.7789584388179,-0.093340857216345,-0.0590518527810449
"benxi_chn.18_1_cn","Liaoning","Benxi",33.3548859275383,31.872426196392,31.0209904827739,38.4326107309257,0.205826330700745,-0.0699716212441781
"bijie_chn.8_1_cn","Guizhou","Bijie",30.279094707084,27.9804374352749,26.36177925926,27.9896287474873,0.000328490654716962,-0.12937359870629
"binzhou_chn.23_1_cn","Shandong","Binzhou",47.8309705207768,48.4995673226635,49.2242002472416,53.9508042337264,0.112397640061328,0.0291281927022495
"bozhou_chn.1_1_cn","Anhui","Bozhou",52.4327322370284,49.8498356903265,47.3357562743753,42.2330923117732,-0.152793750933693,-0.0972098104598393
"bozhou_chn.28_1_cn","Xinjiang Uygur","Bozhou",24.2747221247324,23.3574563358823,22.0845544890329,21.0415504748024,-0.0991506021793193,-0.0902242103718244
"cangzhou_chn.10_1_cn","Hebei","Cangzhou",44.5875392255402,44.3342061441797,48.0154675760048,47.9756173645558,0.0821354781572918,0.0768808597649864
"changchun_chn.17_1_cn","Jilin","Changchun",33.9642851647617,37.3620543432061,35.5244831138378,38.5575929800964,0.031998739306681,0.045936428265974
"changde_chn.14_1_cn","Hunan","Changde",41.6282696991503,40.5519240756843,47.7507541386241,46.1230248861912,0.137381910661237,0.14707516031104
"changji_chn.28_1_cn","Xinjiang Uygur","Changji",42.0664047700972,41.7099325450933,41.1190505413753,31.5580775886774,-0.243391785528316,-0.0225204467531607
"changsha_chn.14_1_cn","Hunan","Changsha",43.4245246877718,41.7193146998519,49.4283097572254,51.4833389653026,0.234040859388452,0.138257934027413
"changshu_chn.15_1_cn","Jiangsu","Changshu",35.1140710367454,33.9102321134292,33.4567818420318,33.8871921235701,-0.000679440641455642,-0.0471972957216867
"changzhi_chn.25_1_cn","Shanxi","Changzhi",41.8515891513711,42.2606829599589,40.5283770296661,47.6373999303629,0.127227403672069,-0.0316167712752575
"changzhou_chn.15_1_cn","Jiangsu","Changzhou",45.0809995138079,43.9089862422802,42.1588549520933,44.4453416882505,0.0122151634977585,-0.0648198707488631
"chaoyang_chn.18_1_cn","Liaoning","Chaoyang",33.2287850977765,32.5914088989719,31.4120925316899,34.3621577290234,0.0543317668634857,-0.0546722536120705
"chaozhou_chn.6_1_cn","Guangdong","Chaozhou",27.396083665383,27.3494604823447,25.3468215266893,29.3068125353425,0.0715682144538616,-0.0748012804940843
"chengde_chn.10_1_cn","Hebei","Chengde",26.5409326897154,26.479711717539,25.9158900532431,32.9791605163703,0.245450134358011,-0.0235501383383715
"chengdu_chn.26_1_cn","Sichuan","Chengdu",41.6904345960079,41.1689052964567,43.5147316588864,46.9424165027873,0.140239609597476,0.0437581685237027
"chenzhou_chn.14_1_cn","Hunan","Chenzhou",28.9638209997728,27.90878894042,39.4239574739659,33.9836023661444,0.217666679793701,0.36114490813471
"chifeng_chn.19_1_cn","Nei Mongol","Chifeng",21.5339661853413,21.5361488221779,25.3082081864133,27.5871338767294,0.280968761151955,0.175269245274528
"chizhou_chn.1_1_cn","Anhui","Chizhou",38.2271182074629,36.314314301235,39.0220402495832,36.9476370135903,0.0174400294909003,0.0207947153590335
"chongqing_chn.3_1_cn","Chongqing","Chongqing",36.7351736393418,35.3163444758699,36.764777574366,38.0404107107863,0.0771333011766731,0.000805874373015492
"chongzuo_chn.7_1_cn","Guangxi","Chongzuo",28.9454202191529,29.1019645291425,27.1972679013858,39.4949798025242,0.357124181873502,-0.0603947810925325
"chuxiong_chn.30_1_cn","Yunnan","Chuxiong",19.0272451696218,19.3009942481563,18.9121720257513,25.2547468342435,0.30846869904932,-0.00604780896260204
"chuzhou_chn.1_1_cn","Anhui","Chuzhou",43.9583179144103,40.4667896087794,42.0044171894691,42.0975525110729,0.0402987960759735,-0.0444489420351709
"dali_chn.30_1_cn","Yunnan","Dali",15.9829934910519,16.2342199597759,16.4674543026466,21.3628386494753,0.315914081637842,0.0303110185126474
"dalian_chn.18_1_cn","Liaoning","Dalian",31.4956950206825,30.0266576545477,31.494603011039,31.1095519656515,0.0360644305990503,-3.46717112527095e-05
"dandong_chn.18_1_cn","Liaoning","Dandong",30.355838629279,29.396450218167,28.5303263234739,32.622311052562,0.109736407302725,-0.0601371066732552
"daqing_chn.11_1_cn","Heilongjiang","Daqing",26.5308418264241,29.8749942876335,22.2533143213259,25.573243529684,-0.143991684702352,-0.161228487700599
"datong_chn.25_1_cn","Shanxi","Datong",30.3923030124714,28.7651477660807,31.7163694749604,35.5787420426673,0.236869781862239,0.0435658482986852
"daxinganling_chn.19_1_cn","Nei Mongol","Daxinganling",20.2258577007373,20.2207227498356,9.67049887690487,9.46831608142625,-0.53175184692628,-0.52187447276699
"dazhou_chn.26_1_cn","Sichuan","Dazhou",44.0370318060185,42.8803958639514,43.1966505560559,44.2932030802451,0.0329476253152194,-0.019083512568795
"dehong_chn.30_1_cn","Yunnan","Dehong",20.8215569548974,20.8551150318925,21.7073498277534,30.3190734015586,0.453795548727177,0.0425421055099147
"deyang_chn.26_1_cn","Sichuan","Deyang",41.1114809638792,39.8844629275686,41.1186835364764,44.4367470803834,0.114136779554531,0.000175196135686839
"dezhou_chn.23_1_cn","Shandong","Dezhou",46.3931907243227,44.2180152799781,47.0617911064027,48.1243939950054,0.0883436013645797,0.014411605919777
"dingxi_chn.5_1_cn","Gansu","Dingxi",30.3961056074021,27.622204757331,25.0732424505662,24.4918401674873,-0.113327832348824,-0.175116616108206
"diqing_chn.30_1_cn","Yunnan","Diqing",14.2109836194869,14.1702515760651,13.2304660021577,16.863691602733,0.190077078886687,-0.0689971675137715
"dongguan_chn.6_1_cn","Guangdong","Dongguan",32.6011355880547,25.7786572207513,29.3269763804098,26.871792762442,0.042404673460287,-0.100430833116275
"dongying_chn.23_1_cn","Shandong","Dongying",43.347762436855,43.4399792150639,47.6178425326666,53.9548302563034,0.242054697797674,0.0985075089407874
"enshi_chn.13_1_cn","Hubei","Enshi",30.696539691789,30.4292004968219,32.6037547905337,28.0903767242566,-0.0768611640916965,0.0621312733583075
"ezhou_chn.13_1_cn","Hubei","Ezhou",37.2529704064092,36.0618723722931,45.7704979195422,40.4369303896038,0.121320877966175,0.228640224395838
"fangchenggang_chn.7_1_cn","Guangxi","Fangchenggang",24.9435917682237,23.2050846138524,27.7972198548114,29.2444231221826,0.260259275448839,0.114403254876188
"foshan_chn.6_1_cn","Guangdong","Foshan",29.060504227952,22.9350882913873,28.2183170575195,27.924440946568,0.21754233477507,-0.0289804734228404
"fushun_chn.18_1_cn","Liaoning","Fushun",39.2560741765285,39.5218247874434,44.360188703758,53.828347140659,0.361990430101826,0.130021012908143
"fuxin_chn.18_1_cn","Liaoning","Fuxin",35.0864151982816,34.8374872213977,34.2322045223639,37.8378368821796,0.0861241696829111,-0.0243459091243818
"fuyang_chn.1_1_cn","Anhui","Fuyang",51.8746404880016,50.5937462976298,54.960288255649,48.9203444162838,-0.0330752712302006,0.0594827788418317
"fuyang_chn.31_1_cn","Zhejiang","Fuyang",31.5786954715929,30.3880174127905,36.4145830744091,34.8449804215178,0.146668436712535,0.153137662294072
"fuzhou_chn.16_1_cn","Jiangxi","Fuzhou",31.3859102551182,28.325421758084,28.9664549273586,28.5448392920965,0.00774631127777803,-0.0770873079064214
"fuzhou_chn.4_1_cn","Fujian","Fuzhou",21.9514728628715,21.3661528526711,21.6998738636127,22.6462440592518,0.0599121056283471,-0.0114615999040454
"gannan_chn.5_1_cn","Gansu","Gannan",21.4014381578298,20.4033648508771,20.4435386992159,19.9083287626327,-0.024262472972594,-0.0447586490005796
"ganzhou_chn.16_1_cn","Jiangxi","Ganzhou",27.1353858425152,25.3211210181264,30.3079156853294,29.2243776095983,0.154150228525734,0.116914860220765
"ganzi_chn.26_1_cn","Sichuan","Ganzi",11.0688319142395,9.43573102748119,9.73141770511572,9.41570435581472,-0.0021224292646902,-0.120827041144534
"golok_chn.21_1_cn","Qinghai","Golok",17.3881978017479,16.3346069147945,17.2363151596358,19.2573368650234,0.178928698160578,-0.00873481218949212
"guang'an_chn.26_1_cn","Sichuan","Guang'an",33.1393019859145,33.3618389913638,35.4956272922646,37.6677512123961,0.129066992444482,0.0711036492968866
"guangyuan_chn.26_1_cn","Sichuan","Guangyuan",27.5352276058041,27.6300461943653,24.5494614075539,24.8653618423165,-0.100060793695402,-0.10843441140181
"guangzhou_chn.6_1_cn","Guangdong","Guangzhou",28.1173736832761,23.4163686676568,26.8716911052488,26.5112126654305,0.132165838422607,-0.0443029492035475
"guigang_chn.7_1_cn","Guangxi","Guigang",33.5397771148229,31.3430913615384,33.4977774934959,36.1014705872813,0.151815887298916,-0.00125223316729739
"guilin_chn.7_1_cn","Guangxi","Guilin",32.1691633545975,30.9151532429002,33.8193036961233,36.1431263679971,0.169107139273116,0.0512957183044054
"guiyang_chn.8_1_cn","Guizhou","Guiyang",25.9451515591952,26.4025239617201,26.7749765642367,30.496442096458,0.155057832375171,0.0319838179841885
"guyuan_chn.20_1_cn","Ningxia Hui","Guyuan",24.4885528315567,24.1418242651911,29.1231345443079,30.4944837994363,0.263139167299991,0.189255026404784
"haibei_chn.21_1_cn","Qinghai","Haibei",16.5920862140101,17.0300017530617,20.1292771920343,23.6831557263976,0.39067253602248,0.213185426618469
"haidong_chn.21_1_cn","Qinghai","Haidong",37.7757472587913,36.9373983212697,41.9974335993474,37.8440835609511,0.0245465376796532,0.111756527584604
"haimen_chn.15_1_cn","Jiangsu","Haimen",31.4884472594838,30.7428390825823,29.9779462612109,30.5446926478121,-0.00644528744524597,-0.0479700058191335
"hainan_chn.21_1_cn","Qinghai","Hainan",18.0548354904008,18.1523542688672,22.2234975099631,22.2671036766724,0.226678553473492,0.230888950596011
"haixi_chn.21_1_cn","Qinghai","Haixi",12.2034246823109,12.2037428599272,12.7011390806667,15.284766196406,0.252465442105951,0.0407848133874429
"hami_chn.28_1_cn","Xinjiang Uygur","Hami",29.141515224137,27.8553202909072,23.9490681812536,23.4745594024412,-0.157268372530471,-0.178180406987988
"handan_chn.10_1_cn","Hebei","Handan",52.5638225552616,53.5300301900003,51.69626943493,50.5023197696293,-0.056560969788816,-0.0165047570393027
"hangzhou_chn.31_1_cn","Zhejiang","Hangzhou",33.6274905124472,29.8042280481723,31.3731332854143,31.2837071415594,0.0496399064923216,-0.0670391156960835
"hanzhong_chn.22_1_cn","Shaanxi","Hanzhong",41.4434513531249,41.5096158579902,43.4822093120464,46.4271545786243,0.118467459141459,0.049193730067266
"harbin_chn.11_1_cn","Heilongjiang","Harbin",40.1535756539664,40.6603057499425,41.1897906727817,42.212392271664,0.0381720327256447,0.0258062950045874
"hebi_chn.12_1_cn","Henan","Hebi",55.8790538771598,50.969608104329,59.6654265823125,60.4068551785677,0.185154397399364,0.0677601434246957
"hechi_chn.7_1_cn","Guangxi","Hechi",26.5834256196607,26.526546340843,27.3515817486412,36.3189255305792,0.369153943521805,0.0288960550070123
"hefei_chn.1_1_cn","Anhui","Hefei",39.1051688088522,36.4778732748165,39.6332897527758,35.272645720132,-0.0330399622150293,0.0135051442049783
"hegang_chn.11_1_cn","Heilongjiang","Hegang",21.7477408913014,22.0540976282102,22.2100434731048,22.1670708721699,0.00512255118591698,0.0212574990714691
"heihe_chn.11_1_cn","Heilongjiang","Heihe",15.8091350489421,16.056847568315,14.3678144229423,15.3502813716562,-0.0440040421167772,-0.0911701128200684
"hengshui_chn.10_1_cn","Hebei","Hengshui",48.3529932331854,46.5131227343917,45.6407735917628,47.3408782753613,0.0177961721834159,-0.0560920733147328
"hengyang_chn.14_1_cn","Hunan","Hengyang",41.9852218160992,37.0020878538199,49.8839786991841,43.4613586913502,0.174565037060834,0.188131836427647
"heyuan_chn.6_1_cn","Guangdong","Heyuan",25.4198882729391,23.2254061190245,24.7878818150877,23.3119048390225,0.0037243146386674,-0.0248626764628294
"heze_chn.23_1_cn","Shandong","Heze",53.1981812634003,50.0719716044365,52.4210462572846,52.1706062096796,0.0419123621059327,-0.0146083002775574
"hezhou_chn.7_1_cn","Guangxi","Hezhou",30.2051043722648,28.3447272795153,33.4808861357804,32.073802036356,0.131561497137269,0.108451264499638
"hohhot_chn.19_1_cn","Nei Mongol","Hohhot",36.2235854788623,39.3331357675017,34.5950844485453,33.3430192321345,-0.15229186329752,-0.0449569254061649
"honghe_chn.30_1_cn","Yunnan","Honghe",24.5729771436537,33.0023683872543,26.0841914127294,29.2687849377125,-0.113130773092751,0.0614990304284737
"hotan_chn.28_1_cn","Xinjiang Uygur","Hotan",83.9820964560901,81.7016706421903,45.3790582727161,45.6294409758281,-0.441511530704669,-0.459657948686212
"huai'an_chn.15_1_cn","Jiangsu","Huai'an",48.515074533786,45.8266846813634,42.4575801187483,41.7608832850672,-0.0887212641404485,-0.124857984312056
"huaibei_chn.1_1_cn","Anhui","Huaibei",54.3593262639926,50.5202409703444,48.3651966527093,44.35374405447,-0.122059926822086,-0.110268651641728
"huaihua_chn.14_1_cn","Hunan","Huaihua",32.1428459772135,28.5591871852229,30.8175806807422,29.9395903347562,0.0483348192152888,-0.0412304902126837
"huainan_chn.1_1_cn","Anhui","Huainan",51.1162057435817,48.2108982927,51.8060939395701,45.8560116380024,-0.0488455253499019,0.0134964672348543
"huanggang_chn.13_1_cn","Hubei","Huanggang",36.9113164745842,36.2567726526978,37.8902775894992,36.6024785753946,0.0095349336800683,0.0265219777676864
"huangnan_chn.21_1_cn","Qinghai","Huangnan",20.8166745222968,20.8481810115872,23.7335266096926,22.905425272013,0.0986773982479516,0.140120944114853
"huangshan_chn.1_1_cn","Anhui","Huangshan",22.0632704317833,20.446232120407,22.3277870312094,22.1390575602032,0.0827940047744393,0.0119890022761597
"huangshi_chn.13_1_cn","Hubei","Huangshi",35.69096925164,35.3260898322414,40.1806447708104,38.5184492465386,0.0903683206790602,0.125793039900817
"huizhou_chn.6_1_cn","Guangdong","Huizhou",26.5237559834033,19.8560665816356,24.6717285735218,22.0750597938584,0.111753916773985,-0.0698252318050427
"huludao_chn.18_1_cn","Liaoning","Huludao",39.8768097339514,38.530555796042,37.345205086032,49.1062424195474,0.274475319782225,-0.0634856365092806
"hulunbeier_chn.19_1_cn","Nei Mongol","Hulunbeier",17.4806493567923,18.7850315329519,19.0985305303636,19.1259070688547,0.0181461252968793,0.0925526930120946
"huzhou_chn.31_1_cn","Zhejiang","Huzhou",29.6454897657746,27.2765463176317,27.1114695249747,27.6521825501141,0.0137714000925235,-0.0854774288035347
"ili kazak_chn.28_1_cn","Xinjiang Uygur","Ili Kazak",45.9140080954289,42.7069950462504,40.3854509306015,34.1187508404988,-0.201096897509431,-0.120411120574286
"ji'an_chn.16_1_cn","Jiangxi","Ji'an",33.2785373800528,29.659025423297,33.5533741488472,33.253827586871,0.121204325235525,0.0082586793300361
"jiamusi_chn.11_1_cn","Heilongjiang","Jiamusi",26.2665836092376,27.270774903994,27.4505923677224,28.3658374739576,0.0401551688141877,0.0450766181129243
"jiangmen_chn.6_1_cn","Guangdong","Jiangmen",25.8040854530712,22.4345574198997,25.9652143678538,24.7184388089184,0.101801936462221,0.0062443179811833
"jiangyin_chn.15_1_cn","Jiangsu","Jiangyin",40.2850604035147,39.9121768476811,38.357401298249,40.6391638486177,0.018214666759748,-0.0478504707689981
"jiaonan_chn.23_1_cn","Shandong","Jiaonan",39.4635295264636,35.2548199627221,34.1546511502875,32.2724445040722,-0.0845948287866295,-0.134526192661406
"jiaozhou_chn.23_1_cn","Shandong","Jiaozhou",43.7354386460282,40.2465682365505,36.4111701038174,42.433674051098,0.0543426659806809,-0.167467590790379
"jiaozuo_chn.12_1_cn","Henan","Jiaozuo",55.9745564568579,52.2162584473436,57.2839460415941,60.3155530117134,0.155110588257437,0.0233925852676546
"jiaxing_chn.31_1_cn","Zhejiang","Jiaxing",33.1461521715658,30.0585802545414,29.7175952140679,30.3044467862884,0.00817957899757382,-0.103437555579651
"jiayuguan_chn.5_1_cn","Gansu","Jiayuguan",22.6009810958534,23.8663942886665,24.0569214132375,24.2531837316499,0.01620644653336,0.0644193414086429
"jieyang_chn.6_1_cn","Guangdong","Jieyang",31.556523055523,31.0467644140269,30.75474888512,33.1260143363575,0.0669715495825138,-0.0254075573849586
"jilin_chn.17_1_cn","Jilin","Jilin",33.9102122528627,36.7081796903488,36.3266481692695,36.8617568211641,0.00418373049578591,0.0712598287025701
"jimo_chn.23_1_cn","Shandong","Jimo",38.617232097944,37.0546638402617,39.8627234853024,43.8299203865771,0.182844906528437,0.0322522179787359
"jinan_chn.23_1_cn","Shandong","Jinan",50.9927322996098,47.8189629249478,50.7098869038688,47.8131251536163,-0.000122080676251413,-0.00554677858952646
"jinchang_chn.5_1_cn","Gansu","Jinchang",20.8220465692978,20.3179043275689,21.6713075257339,17.9017777737999,-0.1189161300701,0.0407866226602538
"jincheng_chn.25_1_cn","Shanxi","Jincheng",48.8828444604703,46.5210202094431,45.6879024757286,43.0423621776761,-0.0747760478189359,-0.0653591667998235
"jingdezhen_chn.16_1_cn","Jiangxi","Jingdezhen",25.8617884627727,25.3571763511218,25.9907433018441,27.5179380439674,0.085213024625671,0.00498630785945076
"jingmen_chn.13_1_cn","Hubei","Jingmen",49.8263671085712,46.8827399825539,51.6949256437547,49.7615331179203,0.0614041145299444,0.0375014002347773
"jingzhou_chn.13_1_cn","Hubei","Jingzhou",41.7289909234991,39.6338329759805,39.873502192801,40.9179471589988,0.032399444782353,-0.044465219254876
"jinhua_chn.31_1_cn","Zhejiang","Jinhua",31.8311211020322,28.2968878453447,31.1232894017967,31.0264747367066,0.0964624416041913,-0.0222370961414343
"jining_chn.23_1_cn","Shandong","Jining",55.0949018749101,53.2081377701597,54.3570746676306,59.2845543105241,0.114200887214139,-0.0133919325050194
"jintan_chn.15_1_cn","Jiangsu","Jintan",41.7047399213214,39.4942560406264,39.0898354141643,41.6326204050231,0.0541436800884938,-0.0627004151588132
"jinzhong_chn.25_1_cn","Shanxi","Jinzhong",40.9794106246526,40.6480365308093,39.2692416889505,40.3641850754658,-0.0069831529286376,-0.0417323946253464
"jinzhou_chn.18_1_cn","Liaoning","Jinzhou",47.9158000118489,42.974011431366,44.1860929060001,39.3878997385927,-0.0834483813199688,-0.0778387735345438
"jiujiang_chn.16_1_cn","Jiangxi","Jiujiang",40.8807147886645,36.5731053905941,43.0067443507536,37.5628593624154,0.0270623443443203,0.0520056846627992
"jiuquan_chn.5_1_cn","Gansu","Jiuquan",26.1231798487127,26.0317850555066,25.2315618087205,25.0381488271694,-0.0381701149659354,-0.0341312981480753
"jixi_chn.11_1_cn","Heilongjiang","Jixi",23.5266133521679,22.68270954335,25.2258635697374,28.1598709220137,0.24146856742119,0.0722267243539729
"jurong_chn.15_1_cn","Jiangsu","Jurong",38.4289733827515,37.7271688677627,39.8352457128848,44.2355957563513,0.17251299484998,0.0365940644868878
"kaifeng_chn.12_1_cn","Henan","Kaifeng",54.8010271381279,52.7690641415744,55.2553213228729,55.7329314596513,0.0561667591853643,0.00828988448701717
"karamay_chn.28_1_cn","Xinjiang Uygur","Karamay",25.2406939568569,25.24441037844,25.2182623911436,23.9190846059228,-0.0524997713414286,-0.000888706378343151
"kashi_chn.28_1_cn","Xinjiang Uygur","Kashi",65.9249790578444,56.7655315599644,55.7397019890303,55.0430023883055,-0.0303446321089995,-0.154497994756695
"kezilesu state_chn.28_1_cn","Xinjiang Uygur","Kezilesu State",39.7941477062889,38.5812407328935,32.1715015936963,30.0418879246462,-0.221334323262622,-0.191551937959659
"korla_chn.28_1_cn","Xinjiang Uygur","Korla",37.2490938484014,36.1214340725489,36.768065923714,37.2597288956796,0.0315130019711958,-0.0129138154781724
"kunming_chn.30_1_cn","Yunnan","Kunming",25.0905931283587,24.9733150756064,24.6130990406979,31.1491128575548,0.247295874146113,-0.0190308011141086
"kunshan_chn.15_1_cn","Jiangsu","Kunshan",32.1538825513522,31.3057950418976,32.4017181653041,32.9602632795768,0.0528486254849923,0.00770779745046468
"laibin_chn.7_1_cn","Guangxi","Laibin",35.278015255976,34.6859800965601,37.7706707358917,44.0824726019912,0.270901744141952,0.0706574749692996
"laixi_chn.23_1_cn","Shandong","Laixi",42.4735381171618,41.9346089902191,41.6999470721098,46.2343941871428,0.102535478461873,-0.018213482543368
"laizhou_chn.23_1_cn","Shandong","Laizhou",41.1680741629456,41.0034915955325,37.6961709322342,42.9551458003694,0.0475972686445441,-0.0843348468759892
"langfang_chn.10_1_cn","Hebei","Langfang",40.294734193936,41.3247758403253,43.8346300384568,46.352632889453,0.12166689224292,0.0878500855095241
"lanzhou_chn.5_1_cn","Gansu","Lanzhou",37.5889626471112,33.7863081410546,34.4735016209125,32.2056496204477,-0.0467839964641235,-0.0828823358454174
"leshan_chn.26_1_cn","Sichuan","Leshan",38.7828597911826,38.5391028199212,43.6810988342365,53.5081619979774,0.388412238032654,0.126299067924008
"lhasa_chn.29_1_cn","Xizang","Lhasa",12.9847144478252,12.1589473155805,12.3440151069182,12.3607653231777,0.0165983125314275,-0.0493425822709823
"liangshan_chn.26_1_cn","Sichuan","Liangshan",19.8544426236344,19.7222636547165,24.3315470128092,25.051690059738,0.270223869750722,0.225496352329999
"lianyungang_chn.15_1_cn","Jiangsu","Lianyungang",40.4940792537641,39.7530323513823,39.8159230547741,36.7888103307691,-0.0745659348552856,-0.016747045777735
"liaocheng_chn.23_1_cn","Shandong","Liaocheng",52.0975489434317,50.3812794246716,51.9694713870816,51.4910965412643,0.0220283630996738,-0.00245841808199354
"liaoyang_chn.18_1_cn","Liaoning","Liaoyang",38.6513794450391,38.7589094730013,35.336655698092,46.6588428453641,0.203822385092278,-0.0857595199586727
"liaoyuan_chn.17_1_cn","Jilin","Liaoyuan",30.0071541272011,32.3309671805188,39.2180924296575,40.8605285393181,0.263820173123023,0.306958076177801
"lijiang_chn.30_1_cn","Yunnan","Lijiang",12.2365382977121,12.2904177667483,11.7858298600324,13.9961188501821,0.138783002807974,-0.0368330018436653
"lin'an_chn.31_1_cn","Zhejiang","Lin'an",33.8298225007244,30.6940721995883,31.2571749712053,30.2235809887824,-0.0153284063367841,-0.0760467344888964
"lincang_chn.30_1_cn","Yunnan","Lincang",26.4949230424645,27.5853104970456,26.8767854701345,33.0760588679724,0.199046096345911,0.0144126641567524
"linfen_chn.25_1_cn","Shanxi","Linfen",54.1735064084999,51.7222320040239,48.1433572682597,62.5951203458065,0.210216920664535,-0.111311774703475
"linxia_chn.5_1_cn","Gansu","Linxia",35.4896109680227,34.8079091551517,28.3608917730423,24.5455579954464,-0.294828141327368,-0.200867775118853
"linyi_chn.23_1_cn","Shandong","Linyi",52.3775967186864,49.450496078534,48.7305360398791,47.5755578532765,-0.037915458366278,-0.0696301645605312
"lishui_chn.31_1_cn","Zhejiang","Lishui",22.993745152437,21.964283026912,23.3738996722611,26.6637308020612,0.213958624071232,0.0165329535186118
"liupanshui_chn.8_1_cn","Guizhou","Liupanshui",23.8624777981375,24.2174442402029,22.7042924502326,28.3313310051413,0.169872870321678,-0.0485358376318855
"liuzhou_chn.7_1_cn","Guangxi","Liuzhou",33.5214026390586,33.6530570902102,39.1032859205271,42.2128540688505,0.254354216786157,0.16651699636711
"liyang_chn.15_1_cn","Jiangsu","Liyang",38.4628932394462,36.8370808726939,37.5352208886857,39.9584924143633,0.0847355834860219,-0.0241186315596537
"longnan_chn.5_1_cn","Gansu","Longnan",16.2901361948313,16.3216014158746,19.4967990208925,21.5247934384125,0.318791758845253,0.196846900953391
"longyan_chn.4_1_cn","Fujian","Longyan",22.0673340055576,19.7679714742366,20.6164126441668,24.1427666273929,0.221307237257902,-0.0657497349260866
"loudi_chn.14_1_cn","Hunan","Loudi",36.2319248927143,34.3165525110124,36.641729971979,41.7416311617438,0.216370180202356,0.0113106074402123
"lu'an_chn.1_1_cn","Anhui","Lu'an",38.3242875555712,38.0517849943344,40.1212630781116,36.7689571372436,-0.0337126854175653,0.0468886869699723
"luliang_chn.25_1_cn","Shanxi","Luliang",33.6338396366732,32.7040301193111,33.5363118468498,33.8220138439775,0.0341848916047296,-0.00289969241921006
"luohe_chn.12_1_cn","Henan","Luohe",59.6087053821426,56.9430715566498,52.9671641530114,53.2443543523639,-0.0649546486196523,-0.111418981280557
"luoyang_chn.12_1_cn","Henan","Luoyang",57.9071111771953,50.1319848213706,56.4364729306592,55.4353008726794,0.105787075261541,-0.0253965051379599
"luzhou_chn.26_1_cn","Sichuan","Luzhou",40.7899477479338,40.5868269332023,40.6252534117669,44.6334438158133,0.0997027160874382,-0.00403762067028535
"ma'anshan_chn.1_1_cn","Anhui","Ma'anshan",40.3554729780472,37.5882701176756,37.1624370431889,38.8057635548988,0.0323902492296593,-0.0791227483963642
"maoming_chn.6_1_cn","Guangdong","Maoming",24.4294251661124,22.4435288899784,23.7617576438337,23.07410683923,0.028096203246059,-0.0273304638868408
"meishan_chn.26_1_cn","Sichuan","Meishan",33.4858416482869,32.6595897570286,35.8580889987651,38.5298762350926,0.179741586521328,0.0708432947690163
"meizhou_chn.6_1_cn","Guangdong","Meizhou",23.6800937038609,22.5348467661026,23.8484529913642,23.4238490739111,0.0394501155049263,0.0071097390748831
"mianyang_chn.26_1_cn","Sichuan","Mianyang",36.8055862992745,36.547761888945,35.1317999425916,39.8767192242637,0.0910851215851236,-0.0454764215158246
"mudanjiang_chn.11_1_cn","Heilongjiang","Mudanjiang",29.331817635573,29.457538732484,31.7454865912514,31.2689736388857,0.0614930840913763,0.0822884209109234
"nagqu_chn.29_1_cn","Xizang","Nagqu",19.378214823099,16.470189929544,19.7298979181967,17.9935415064069,0.0924914395874901,0.0181483742598669
"nanchang_chn.16_1_cn","Jiangxi","Nanchang",34.4973460335312,31.6109478812323,38.7993661016946,35.2968385266052,0.116601712141674,0.124705827050636
"nanchong_chn.26_1_cn","Sichuan","Nanchong",39.1551710323887,37.8985860236423,39.6720947848212,44.9265684100625,0.185441809940771,0.0132019280928404
"nanjing_chn.15_1_cn","Jiangsu","Nanjing",36.4756761028767,33.440018346504,32.272902282279,33.815994072614,0.0112432870764048,-0.115221272629576
"nanning_chn.7_1_cn","Guangxi","Nanning",29.8942158386837,29.0070853144695,30.3386305753015,32.0886563864243,0.106235115956914,0.0148662449958892
"nanping_chn.4_1_cn","Fujian","Nanping",18.8685644008558,17.9184619496508,18.3827496120656,20.176290766489,0.126005726561943,-0.0257473106310172
"nantong_chn.15_1_cn","Jiangsu","Nantong",37.4309699742954,37.4802905317965,37.9326475925074,38.1050128381443,0.0166680219785877,0.0134027415949034
"nanyang_chn.12_1_cn","Henan","Nanyang",56.1971261505151,51.2482647107446,54.2008955318775,45.3686111883582,-0.114728831416486,-0.0355219342229531
"neijiang_chn.26_1_cn","Sichuan","Neijiang",36.682659001654,36.6708430878747,37.4564113108576,40.5809468184229,0.106627047575056,0.0210931358375275
"ningbo_chn.31_1_cn","Zhejiang","Ningbo",27.6285024392162,25.6571733284817,26.7113701911134,23.0100643377462,-0.103172276885115,-0.0331951487461388
"ningde_chn.4_1_cn","Fujian","Ningde",22.1810405941979,22.0239959601006,22.8704611520618,26.4303592108347,0.20007101611882,0.0310815245540954
"nujiang_chn.30_1_cn","Yunnan","Nujiang",23.1383897786597,23.093067792352,23.4910445105404,29.1148982842901,0.26076355666926,0.0152411094831657
"nyingchi_chn.29_1_cn","Xizang","Nyingchi",6.93908117933377,6.94332062530836,8.35286105426797,11.6876092310684,0.683288135718112,0.203741653742972
"ordos_chn.19_1_cn","Nei Mongol","Ordos",21.4340221227912,21.9034326007065,27.030640098305,25.9591669855319,0.185164328293208,0.26110908832005
"panjin_chn.18_1_cn","Liaoning","Panjin",34.0037681651228,33.7660852832495,29.9741664969062,40.1797501585574,0.189943987332448,-0.11850456245463
"panzhihua_chn.26_1_cn","Sichuan","Panzhihua",29.7657558338535,29.1806066029258,36.6499155186516,42.1925203594606,0.4459096390145,0.231277838977921
"penglai_chn.23_1_cn","Shandong","Penglai",28.9211887628398,NA,45.0552233596958,NA,NA,0.557862082681272
"pingdingshan_chn.12_1_cn","Henan","Pingdingshan",55.1206427724063,50.1493782720941,50.2731270351157,51.1590086260793,0.020132460037835,-0.0879437447292853
"pingdu_chn.23_1_cn","Shandong","Pingdu",43.8665227658418,40.1635137712523,40.777968702942,45.6866196172765,0.137515504183238,-0.0704079983587141
"pingliang_chn.5_1_cn","Gansu","Pingliang",19.9825612038074,20.2331632682039,25.1384759449018,25.4771170960021,0.259176173210592,0.258020715588345
"pingxiang_chn.16_1_cn","Jiangxi","Pingxiang",34.4056878137892,31.5505093327637,36.0398561036158,38.8642391997107,0.23181019963288,0.0474970388230884
"pu'er_chn.30_1_cn","Yunnan","Pu'er",20.5644399911995,21.1939587161122,21.3882411492324,28.4497086918912,0.342349915509791,0.0400594987456735
"putian_chn.4_1_cn","Fujian","Putian",23.20499060256,22.8853847444494,22.0947320487948,24.5127900022081,0.0711111163710467,-0.0478456799565627
"puyang_chn.12_1_cn","Henan","Puyang",55.8948899171063,55.3963676404869,57.8673172758268,58.0818696906317,0.0484779447557513,0.035288151772829
"qamdo_chn.29_1_cn","Xizang","Qamdo",13.996705444297,12.5677241163927,10.4427251258698,9.25002021514712,-0.263986054318152,-0.253915489796587
"qiandongnan_chn.8_1_cn","Guizhou","Qiandongnan",26.4678887498927,26.5061922197972,26.8635343357735,29.5476976039088,0.114746975306392,0.0149481354413799
"qiannan_chn.8_1_cn","Guizhou","Qiannan",19.0343640536959,19.5892418645959,19.5270739383708,23.3372851240175,0.191331715914719,0.0258852821814775
"qianxinan_chn.8_1_cn","Guizhou","Qianxinan",19.3846620580992,22.0373099317571,20.1933107316915,33.9353630057896,0.539904966208545,0.0417159025609366
"qingdao_chn.23_1_cn","Shandong","Qingdao",38.2796815136181,30.9042303971467,31.7398616420986,30.335532350182,-0.0184019482011513,-0.170843110833953
"qingyang_chn.5_1_cn","Gansu","Qingyang",29.4665718321959,29.5596292244953,30.1346017606993,31.6435970792319,0.0705004734298136,0.0226707718939152
"qingyuan_chn.6_1_cn","Guangdong","Qingyuan",32.1826249882884,30.6966144642127,30.9293771412349,27.8690675650347,-0.0921126628630166,-0.038941753430914
"qinhuangdao_chn.10_1_cn","Hebei","Qinhuangdao",36.2814598787661,36.084936687358,37.6016904420953,42.7340431599649,0.184262661459411,0.0363885733303095
"qinzhou_chn.7_1_cn","Guangxi","Qinzhou",27.8617293315789,26.31725340663,30.4328844473271,34.3739427967099,0.306137166580245,0.0922826822825376
"qiqihar_chn.11_1_cn","Heilongjiang","Qiqihar",25.7976059002116,27.4270355729,21.5965856283716,21.0210157125618,-0.233565885868753,-0.162845354258459
"qitaihe_chn.11_1_cn","Heilongjiang","Qitaihe",26.6848254882398,25.8367075537809,29.3322097369092,31.9920850535817,0.238241559493906,0.0992093521404542
"quanzhou_chn.4_1_cn","Fujian","Quanzhou",22.9257188648709,21.7058772328301,20.8971535673043,23.0741105969023,0.0630351563033242,-0.088484261257995
"qujing_chn.30_1_cn","Yunnan","Qujing",21.3942848227926,22.0765474257256,20.3028145395694,27.2294171280273,0.233409219427903,-0.0510169090607066
"quzhou_chn.31_1_cn","Zhejiang","Quzhou",30.8124490549856,27.1809292951746,26.7710444999041,25.4639815511656,-0.063167367287691,-0.131161419459696
"rizhao_chn.23_1_cn","Shandong","Rizhao",43.6143683921963,39.9025508220292,38.6080908633501,34.5060890529797,-0.135241022387728,-0.114785051656095
"rongcheng_chn.23_1_cn","Shandong","Rongcheng",27.0899988660682,24.1539025918309,20.9609311933492,16.7228268627869,-0.307655282652221,-0.226248354716471
"rushan_chn.23_1_cn","Shandong","Rushan",24.327606282458,23.9830735270581,27.0987738014902,28.4343273942509,0.185599809055783,0.113910406427057
"sanmenxia_chn.12_1_cn","Henan","Sanmenxia",50.6977561248136,49.1695861891173,46.2434834108032,53.886528313556,0.0959321094608423,-0.0878593660643362
"sanming_chn.4_1_cn","Fujian","Sanming",23.267592526609,22.8745050249952,24.4186707126275,28.2987415058077,0.237130223140799,0.0494713058388869
"sanya_chn.9_1_cn","Hainan","Sanya",12.3950882349662,11.3449165211629,12.3147670058768,11.909292495119,0.04974703629624,-0.00648008530208133
"seaport_chn.9_1_cn","Hainan","Seaport",16.3482516984028,13.420263115599,19.768240190782,17.6277009564617,0.313513811511805,0.209195977372517
"shanghai_chn.24_1_cn","Shanghai","Shanghai",34.2635783199443,33.3221959637109,31.6659537150621,31.7139487436427,-0.0482635424693991,-0.0758129982988432
"shangluo_chn.22_1_cn","Shaanxi","Shangluo",29.9869107710818,29.7317684688676,29.7222731966153,36.318504593376,0.22153865927637,-0.00882510294197147
"shangqiu_chn.12_1_cn","Henan","Shangqiu",53.6892232467545,52.195568386115,54.3171959094235,55.6685129599018,0.0665371540375945,0.0116964378453175
"shangrao_chn.16_1_cn","Jiangxi","Shangrao",30.3461907586369,28.4253405745112,32.4977195337513,32.2633808314543,0.135021786172888,0.0708994678187744
"shannan_chn.29_1_cn","Xizang","Shannan",9.86378225574028,9.23280769809042,9.27621256300039,10.0040808979225,0.0835361490298989,-0.0595683965344991
"shantou_chn.6_1_cn","Guangdong","Shantou",22.402900656092,20.2632346844905,20.8499062822869,22.2080691510982,0.0959784800842414,-0.0693211293325484
"shanwei_chn.6_1_cn","Guangdong","Shanwei",21.3192504428231,17.8991061097952,19.7440873979114,19.4468048783811,0.0864679363925838,-0.0738845415384618
"shaoguan_chn.6_1_cn","Guangdong","Shaoguan",27.4106317790804,24.5127395080088,28.7847650194941,28.2721806856823,0.153366831008229,0.050131396149085
"shaoxing_chn.31_1_cn","Zhejiang","Shaoxing",33.8071158721396,29.4667072537014,31.6844485794194,32.7359772024626,0.110947922365862,-0.0627875888836026
"shaoyang_chn.14_1_cn","Hunan","Shaoyang",40.8633143662732,39.1624809605759,42.6596499434547,42.4905641407844,0.0849814184029578,0.0439596152451154
"shenyang_chn.18_1_cn","Liaoning","Shenyang",37.2804663013682,37.9915468780579,38.1548088121908,51.1056178349393,0.34518391680586,0.0234531001773064
"shenzhen_chn.6_1_cn","Guangdong","Shenzhen",26.6076077151505,20.5904499945579,23.9576581044483,19.2234773712188,-0.0663886716269096,-0.0995936815917994
"shihezi_chn.28_1_cn","Xinjiang Uygur","Shihezi",53.8164536310769,53.2210302524571,51.517381308479,44.0909115704338,-0.171550957182039,-0.0427206210643023
"shijiazhuang_chn.10_1_cn","Hebei","Shijiazhuang",53.2393410363776,53.0221957095582,50.2948388919757,51.864262460685,-0.0218386514058386,-0.0553068856053275
"shiyan_chn.13_1_cn","Hubei","Shiyan",33.180461977324,32.4830116587598,32.8365958154056,33.5282504251756,0.0321780128454932,-0.0103635133878912
"shizuishan_chn.20_1_cn","Ningxia Hui","Shizuishan",36.0035360393259,37.3001172597387,35.2428057263333,37.0419190676792,-0.00692218177925785,-0.0211293221910669
"shouguang_chn.23_1_cn","Shandong","Shouguang",52.3635563248903,48.3729091604281,46.531029256315,52.6428656936923,0.0882716505452033,-0.111385235800015
"shuangyashan_chn.11_1_cn","Heilongjiang","Shuangyashan",25.9779707992975,25.9488250986314,28.1864998896926,30.9428438499411,0.19245644965918,0.0850154581917857
"shuozhou_chn.25_1_cn","Shanxi","Shuozhou",36.2215633151868,36.2290060359234,39.557430416389,44.2449964350713,0.221258910365895,0.092096165816334
"siping_chn.17_1_cn","Jilin","Siping",30.7815574443755,30.7087428514119,31.9683134973307,37.3055057159465,0.214817092853779,0.0385541262848619
"songyuan_chn.17_1_cn","Jilin","Songyuan",25.2730539127916,25.2877124928687,24.1544158919079,24.6304309019876,-0.0259921331779782,-0.044262083432563
"suihua_chn.11_1_cn","Heilongjiang","Suihua",32.48189841137,37.1433277981152,34.2884414268067,34.9767489073878,-0.0583302310041632,0.0556169159991069
"suining_chn.26_1_cn","Sichuan","Suining",31.7838591944375,30.91843419644,33.2357018985986,35.5287115992941,0.149110959939391,0.0456786161579514
"suizhou_chn.13_1_cn","Hubei","Suizhou",38.7522143175598,37.5564825888064,40.8391740851448,38.9490647514603,0.037079674843377,0.0538539488474947
"suqian_chn.15_1_cn","Jiangsu","Suqian",49.6116507290739,48.5123169470213,44.6439693349686,41.6109780132974,-0.142259520221652,-0.100131346591014
"suzhou_chn.1_1_cn","Anhui","Suzhou",50.883287824295,47.452749928037,51.9040349834422,46.8302426719375,-0.0131184653585621,0.0200605582459983
"suzhou_chn.15_1_cn","Jiangsu","Suzhou",37.4166704618346,35.2521684789533,33.1039926344399,33.9741915588363,-0.036252434254646,-0.115260865655955
"tacheng_chn.28_1_cn","Xinjiang Uygur","Tacheng",9.70513659417233,10.4964448607773,13.0841225038758,11.4341345916329,0.0893340310260196,0.348164693707913
"tai'an_chn.23_1_cn","Shandong","Tai'an",51.6044845201149,50.5614709287829,51.4187780508192,48.9699534650861,-0.031476882188386,-0.00359864982709635
"taicang_chn.15_1_cn","Jiangsu","Taicang",27.4299928542982,26.99914065822,28.8873596993883,30.5254832145858,0.130609436833766,0.0531304128597958
"taiyuan_chn.25_1_cn","Shanxi","Taiyuan",49.3112468321012,49.8070312086811,47.0199431832161,47.0792342754799,-0.0547673062819641,-0.0464661470979777
"taizhou_chn.15_1_cn","Jiangsu","Taizhou",39.8439040933497,38.1694987178566,36.9428497249557,38.0174009501147,-0.00398479867042978,-0.0728104947145041
"taizhou_chn.31_1_cn","Zhejiang","Taizhou",26.7406778529692,25.3832471909612,25.9319669384039,26.5227455923374,0.0448917505630262,-0.0302427230533157
"tangshan_chn.10_1_cn","Hebei","Tangshan",48.0094700422517,47.570158477478,46.1961153751162,50.2545461510526,0.0564300763228598,-0.0377707703405098
"tianjin_chn.27_1_cn","Tianjin","Tianjin",46.0993464955204,46.3423004974679,46.5542691211779,49.2560459649501,0.0628744243640083,0.0098683096451635
"tianshui_chn.5_1_cn","Gansu","Tianshui",25.634722433896,25.8567040348221,31.3729055598741,31.2221039847604,0.20750517709885,0.223844168423323
"tieling_chn.18_1_cn","Liaoning","Tieling",35.6924621483386,36.63825016008,35.7257712038149,49.259313083943,0.344477775786751,0.000933223808934347
"tongchuan_chn.22_1_cn","Shaanxi","Tongchuan",42.274844175994,42.1454251344582,45.8894121369668,45.701617461558,0.0843790830381796,0.0855016270651416
"tonghua_chn.17_1_cn","Jilin","Tonghua",26.023476794947,26.8962132283898,26.5974572341754,27.9058733474518,0.0375391178857944,0.0220562549635908
"tongliao_chn.19_1_cn","Nei Mongol","Tongliao",29.0865231310613,29.4162466760284,30.9789311370559,35.7789535402751,0.21629907222092,0.065061334332313
"tongling_chn.1_1_cn","Anhui","Tongling",42.6640561195875,38.0294200313802,38.5316923434459,36.8577371045184,-0.0308099078527887,-0.0968582022430914
"tongren_chn.8_1_cn","Guizhou","Tongren",29.5399147194259,29.4489311290263,29.7491426900515,29.102772307962,-0.0117545461853161,0.00708289013738939
"turpan_chn.28_1_cn","Xinjiang Uygur","Turpan",50.4132966189335,43.1420091569658,45.1047775778461,45.8330482955751,0.0623763053968673,-0.105299978321468
"urumqi_chn.28_1_cn","Xinjiang Uygur","Urumqi",52.4792731177056,52.0511076473412,55.1301632525079,52.348365391395,0.00571088219808602,0.0505130878786493
"wafangdian_chn.18_1_cn","Liaoning","Wafangdian",43.2891172551526,NA,35.9007671221868,NA,NA,-0.170674539039865
"weifang_chn.23_1_cn","Shandong","Weifang",51.050576507372,49.7016972781642,48.893757372606,51.9056921014199,0.044344457915001,-0.0422486734200652
"weihai_chn.23_1_cn","Shandong","Weihai",30.4311437513741,26.2843135012774,29.5256543999705,26.5646767837166,0.0106665628693554,-0.029755350597453
"weinan_chn.22_1_cn","Shaanxi","Weinan",48.5941310612623,49.6888170860265,53.7358964414764,56.825033742634,0.143618163504529,0.10581041924038
"wendeng_chn.23_1_cn","Shandong","Wendeng",22.9228443383091,22.3826266253848,21.7582099332855,20.0355064553881,-0.104863482257027,-0.0508067143778146
"wenshan_chn.30_1_cn","Yunnan","Wenshan",24.6547894503228,30.102270859428,23.3686163105322,30.2359994958498,0.00444247668377939,-0.0521672733154792
"wenzhou_chn.31_1_cn","Zhejiang","Wenzhou",27.7490893054082,25.5917308697852,26.3631522562841,29.8510981252405,0.166435294163089,-0.0499453165424778
"wuhai_chn.19_1_cn","Nei Mongol","Wuhai",28.9696367400632,28.5447950362918,29.5845451060301,26.0178784409494,-0.0885246011446104,0.0212259605284086
"wuhan_chn.13_1_cn","Hubei","Wuhan",39.5465836590842,36.0761598356938,40.7526666442278,43.1417004712793,0.195850685543169,0.0304977794173265
"wuhu_chn.1_1_cn","Anhui","Wuhu",40.3413996927058,37.2103208808756,36.9841599260064,39.3762168670431,0.0582068612926312,-0.0832207060804205
"wujiang_chn.15_1_cn","Jiangsu","Wujiang",31.9738183724983,29.6861218089648,30.3760284138031,31.5037016063304,0.0612265828814571,-0.0499718219475949
"wujiaqu_chn.28_1_cn","Xinjiang Uygur","Wujiaqu",47.1899495565269,47.6390334784419,50.7989589808023,55.0905690969359,0.156416599464933,0.0764783488474028
"wulanchabu_chn.19_1_cn","Nei Mongol","Wulanchabu",21.4885600864917,20.6818948794086,21.7734986221856,21.8856663266631,0.0582041178660564,0.0132600106543661
"wuwei_chn.5_1_cn","Gansu","Wuwei",31.8325468694367,32.8553452650975,37.411935499455,32.4027518708975,-0.0137753352018759,0.175273083014766
"wuxi_chn.15_1_cn","Jiangsu","Wuxi",37.6796141930093,35.8803123192537,33.8044087849399,33.5173582765178,-0.0658565628334266,-0.102846207188298
"wuzhong_chn.20_1_cn","Ningxia Hui","Wuzhong",29.6871288228669,29.2649008652061,32.9687526230072,30.7458556651418,0.0506051534825609,0.110540289016181
"wuzhou_chn.7_1_cn","Guangxi","Wuzhou",28.6360098636091,26.0036144918176,30.9655993138292,28.0210402495776,0.0775825129385319,0.081351747723085
"xi'an_chn.22_1_cn","Shaanxi","Xi'an",54.807976456208,54.3330941462672,51.4409217519276,50.7548474483526,-0.0658575911079505,-0.0614336620687091
"xiamen_chn.4_1_cn","Fujian","Xiamen",23.4917384907041,20.3158480342773,19.6605627720644,22.5709523766373,0.111002225383608,-0.163086087483724
"xiangtan_chn.14_1_cn","Hunan","Xiangtan",42.9653383890009,38.9702211402201,46.3801847727423,49.7799974262913,0.277385551577349,0.079479099008227
"xiangxi_chn.14_1_cn","Hunan","Xiangxi",25.8846032937732,25.2856867325953,26.4799817443563,28.2146957167451,0.115836639721322,0.0230012584634143
"xiangyang_chn.13_1_cn","Hubei","Xiangyang",55.6804009951809,52.8650926302518,55.1277691217225,50.5835913432622,-0.0431570469940689,-0.00992506992732034
"xianning_chn.13_1_cn","Hubei","Xianning",32.1534363265776,30.2114621026642,34.05462561856,31.1537426532586,0.031189505075669,0.0591286502839812
"xianyang_chn.22_1_cn","Shaanxi","Xianyang",58.3220106612284,57.1260045215513,55.547768820816,57.2320833222497,0.00185692665865256,-0.0475676645739622
"xiaogan_chn.13_1_cn","Hubei","Xiaogan",40.7753115383258,37.211869664851,37.7037119604278,38.6400638697903,0.0383800711386528,-0.0753298861986854
"xigaze_chn.29_1_cn","Xizang","Xigaze",10.2084140349051,10.023498747081,9.92069976648348,10.2320206717357,0.0208033072998006,-0.0281840320580511
"xilin gol_chn.19_1_cn","Nei Mongol","Xilin Gol",9.00765430641366,9.1032320095214,10.2494767896224,11.5343250268777,0.267058228859111,0.137863026373532
"xinganmeng_chn.19_1_cn","Nei Mongol","Xinganmeng",21.0656079848173,27.4121196013547,24.0879189862239,27.5630291853979,0.00550521397972292,0.14347133980585
"xingtai_chn.10_1_cn","Hebei","Xingtai",51.925456355848,51.3895796085131,47.4079196175961,50.1321821581276,-0.0244679458357976,-0.0870004243639751
"xining_chn.21_1_cn","Qinghai","Xining",35.9424930039858,34.5471289719112,37.620280101515,33.6354414396697,-0.0263896757667691,0.0466797641817192
"xinxiang_chn.12_1_cn","Henan","Xinxiang",47.9776598407368,46.3671949749715,50.6526624501955,51.99690444061,0.121415786930338,0.0557551706010353
"xinyang_chn.12_1_cn","Henan","Xinyang",44.5322628176056,42.9717383659243,40.7056883214224,44.0152264071085,0.0242831237660996,-0.0859281396019794
"xinyu_chn.16_1_cn","Jiangxi","Xinyu",33.6546460157569,31.3786793450672,34.1808153435622,33.9601951642403,0.0822697408894908,0.0156343741532452
"xinzhou_chn.25_1_cn","Shanxi","Xinzhou",39.1043273945677,42.3038488139093,38.0307220580729,47.3945866004729,0.120337461703718,-0.0274548984224168
"xishuangbanna_chn.30_1_cn","Yunnan","Xishuangbanna",27.0604905579269,27.2111738211632,27.5893166985495,29.4811263213161,0.0834198669661004,0.0195423708040521
"xuancheng_chn.1_1_cn","Anhui","Xuancheng",37.9868964682578,34.7820532235605,35.0711425014751,34.4236510383331,-0.0103042273819732,-0.0767568355898498
"xuchang_chn.12_1_cn","Henan","Xuchang",58.0199197040621,49.4372504895518,54.6275566107238,52.5942986573314,0.063859703695432,-0.0584689380930111
"xuzhou_chn.15_1_cn","Jiangsu","Xuzhou",52.5413738017453,49.7937573029114,49.6416591251857,46.9294984496715,-0.0575224487643251,-0.0551891674454705
"ya'an_chn.26_1_cn","Sichuan","Ya'an",32.4017093366228,30.9106293417232,30.7964674859711,32.6089617588942,0.0549433141071181,-0.0495418878669276
"yan'an_chn.22_1_cn","Shaanxi","Yan'an",30.0838458326713,30.2175910125934,33.5329285102649,34.1459266970261,0.130001616700534,0.114648994572626
"yanbian_chn.17_1_cn","Jilin","Yanbian",21.6984884559575,21.6572757689234,21.8027500372261,23.2319619540147,0.0727093380484551,0.00480501586459225
"yancheng_chn.15_1_cn","Jiangsu","Yancheng",37.5793180343004,35.6198362163762,33.9699721008634,33.9322877140741,-0.0473766496861749,-0.0960460732720746
"yangjiang_chn.6_1_cn","Guangdong","Yangjiang",27.7973943178034,21.8676735322512,26.1273926362017,22.4197253089707,0.0252451078485958,-0.0600776339864365
"yangquan_chn.25_1_cn","Shanxi","Yangquan",44.9997923971373,45.0131786549677,44.9947707157944,54.2642510283792,0.205519197929173,-0.000111593433556156
"yangzhou_chn.15_1_cn","Jiangsu","Yangzhou",38.1966443126547,37.3405698547938,38.6099834533764,39.9348727692807,0.0694767895770032,0.0108213469575604
"yantai_chn.23_1_cn","Shandong","Yantai",37.1030290931137,29.2428957687713,40.2255246928137,30.1714545387526,0.0317533112084252,0.084157430700976
"yibin_chn.26_1_cn","Sichuan","Yibin",44.0149633788969,42.9924075237544,49.0027084400749,53.1966358296278,0.237349543642917,0.113319305033648
"yichang_chn.13_1_cn","Hubei","Yichang",47.4283105289592,45.3542566792439,46.1865575455604,45.9005146084334,0.012044248306234,-0.0261816828293008
"yichun_chn.11_1_cn","Heilongjiang","Yichun",17.4800038185528,21.0439164641255,15.0660151648512,16.6590944372552,-0.208365302834445,-0.138100007228798
"yichun_chn.16_1_cn","Jiangxi","Yichun",34.5307792976671,31.7568303982682,36.2853443463974,35.9557781807416,0.132221878878138,0.0508116261612697
"yinchuan_chn.20_1_cn","Ningxia Hui","Yinchuan",29.1034314134918,30.0389199154941,29.1426666781386,27.695890387103,-0.0779997927682639,0.00134813191232919
"yingkou_chn.18_1_cn","Liaoning","Yingkou",41.6766101064715,35.4976562520798,35.8626693753464,33.054156991586,-0.0688355096782082,-0.139501286603498
"yingtan_chn.16_1_cn","Jiangxi","Yingtan",34.482606803401,31.8370414828288,35.0255356016201,31.1529895193098,-0.0214860405257175,0.0157450044689065
"yiwu_chn.31_1_cn","Zhejiang","Yiwu",33.7594549197028,28.4397185976058,29.5032355500828,26.976017760004,-0.0514667834204608,-0.126074884198915
"yixing_chn.15_1_cn","Jiangsu","Yixing",36.539009412699,33.3798694532375,31.6784495511495,32.5485100682872,-0.0249060106755353,-0.133023854222502
"yiyang_chn.14_1_cn","Hunan","Yiyang",48.5214634001424,43.7333381570943,51.3058681581018,52.3786983305231,0.197683518746586,0.0573850119687698
"yongzhou_chn.14_1_cn","Hunan","Yongzhou",36.5636540994404,33.2204066209232,38.824566147643,38.6718165204368,0.164098229191458,0.0618349588926119
"yueyang_chn.14_1_cn","Hunan","Yueyang",39.5062902024832,37.9516493933491,40.2480517054908,43.430282259144,0.144358228255425,0.0187757822667198
"yulin_chn.22_1_cn","Shaanxi","Yulin",33.3551496564538,31.8678401477166,32.2116074904838,33.099187433758,0.0386391823334684,-0.0342838265679548
"yulin_chn.7_1_cn","Guangxi","Yulin",32.3547758131964,31.2070862836347,32.4232603945855,35.0531366234013,0.123242852755,0.00211667612177369
"yuncheng_chn.25_1_cn","Shanxi","Yuncheng",59.5430861273863,58.0023843145343,52.0033731188573,54.4279314278329,-0.0616259646727264,-0.126626171045258
"yunfu_chn.6_1_cn","Guangdong","Yunfu",27.8680619569586,22.7411899566665,26.1589705741033,26.7724213121734,0.177265629599348,-0.0613279597804449
"yushu_chn.21_1_cn","Qinghai","Yushu",10.0203478384901,8.86832116981066,7.72038735261634,7.67268123146027,-0.134821452161719,-0.229529006671724
"yuxi_chn.30_1_cn","Yunnan","Yuxi",21.5889520228319,22.2163882982086,21.2821420972459,27.6569673097933,0.244890345746405,-0.0142114320908886
"zaozhuang_chn.23_1_cn","Shandong","Zaozhuang",55.527889067886,53.8619439638658,55.0336554692803,52.0950349828294,-0.032804404204604,-0.00890063726358326
"zhangjiagang_chn.15_1_cn","Jiangsu","Zhangjiagang",62.9270817740445,50.7003602068657,49.8800971694762,50.4402140875035,-0.00513105071247466,-0.207334969884934
"zhangjiajie_chn.14_1_cn","Hunan","Zhangjiajie",24.4905226770002,24.3544094577037,24.4409656782492,24.2981880597142,-0.00230846894838799,-0.0020235173991433
"zhangjiakou_chn.10_1_cn","Hebei","Zhangjiakou",25.5913087829232,24.5828121794582,25.4601318977233,28.6405941970829,0.165065818670468,-0.00512583730330507
"zhangqiu_chn.23_1_cn","Shandong","Zhangqiu",46.5892269945138,46.289711625581,48.7002347660231,49.9426047462281,0.078913715215897,0.0453110709855293
"zhangye_chn.5_1_cn","Gansu","Zhangye",29.8794481001259,32.2359566030888,30.1800353322069,27.9211021231248,-0.133852223871976,0.0100599994709993
"zhangzhou_chn.4_1_cn","Fujian","Zhangzhou",27.13661968534,21.6457702199468,25.0200596701931,28.9998665259388,0.339747499454423,-0.0779964505413431
"zhanjiang_chn.6_1_cn","Guangdong","Zhanjiang",26.5974799245092,22.7721515475462,23.4823376956485,22.6958176399902,-0.00335207270145677,-0.11712170618052
"zhaoqing_chn.6_1_cn","Guangdong","Zhaoqing",30.2274319203389,24.7401823006753,27.7241018479244,27.542966085107,0.113288728044465,-0.0828164985703
"zhaotong_chn.30_1_cn","Yunnan","Zhaotong",21.4817419748186,20.9227368013616,21.0108126478604,25.3211441852109,0.210221417284333,-0.0219223062780569
"zhaoyuan_chn.23_1_cn","Shandong","Zhaoyuan",37.6460260099357,36.6401488493673,52.8997563480122,51.2981036216681,0.400051725569174,0.40518832808676
"zhengzhou_chn.12_1_cn","Henan","Zhengzhou",52.2086844194939,47.6510687341857,50.2173071464243,52.6402871168421,0.104703179072184,-0.0381426441828911
"zhenjiang_chn.15_1_cn","Jiangsu","Zhenjiang",40.7599211053344,39.4330291255259,39.3890579952233,44.0952293051738,0.118230840567861,-0.0336326242283065
"zhongshan_chn.6_1_cn","Guangdong","Zhongshan",25.6134926858717,20.5274329136884,23.6652558146151,20.8344456532105,0.0149562169226445,-0.0760629132133641
"zhongwei_chn.20_1_cn","Ningxia Hui","Zhongwei",29.3163790712466,29.663905609847,33.7929792726417,30.1438729817698,0.0161801813367264,0.152699628781431
"zhoukou_chn.12_1_cn","Henan","Zhoukou",54.5787649724721,48.5530348649939,50.1228367754966,48.8167511078237,0.00543150893786626,-0.0816421587997264
"zhoushan_chn.31_1_cn","Zhejiang","Zhoushan",18.7508543182669,18.1292418968946,17.2847669427478,16.3021452074472,-0.100781748064183,-0.078187764175141
"zhuhai_chn.6_1_cn","Guangdong","Zhuhai",24.2632784774158,19.7978140200434,22.5346052269508,21.5571660784061,0.0888659756365797,-0.071246482707357
"zhuji_chn.31_1_cn","Zhejiang","Zhuji",35.431580890587,31.1345626400606,29.9875818135155,28.9839081734895,-0.0690761097701713,-0.153648212702747
"zhumadian_chn.12_1_cn","Henan","Zhumadian",49.7631398192719,47.4496009111776,45.285930132479,47.2692285907344,-0.00380134536391197,-0.0899704018486991
"zhuzhou_chn.14_1_cn","Hunan","Zhuzhou",43.5176304686396,40.6418073288224,45.2421191577218,49.9204033651837,0.228301757382261,0.0396273572460457
"zibo_chn.23_1_cn","Shandong","Zibo",52.5850092037818,52.2738854368981,52.9523616743678,56.5795121862984,0.0823666867961785,0.00698587822172692
"zigong_chn.26_1_cn","Sichuan","Zigong",48.7839401497711,48.56373071012,51.241283326125,50.5720912024339,0.0413551525582314,0.0503719701362699
"ziyang_chn.26_1_cn","Sichuan","Ziyang",32.310305850372,31.4294120075536,33.2321365398651,37.5892824857188,0.195990636944932,0.0285305466856933
"zunyi_chn.8_1_cn","Guizhou","Zunyi",19.3509918790452,19.1209952918841,22.1888544688556,27.9059275984015,0.459439070634894,0.146652047995717
