"location_id","province","city","2018Q4","2019Q1","2019Q4","2020Q1","2020Q4","2021Q1","2021Q1_vs_2019Q1_str","2020Q4_vs_2019Q4_str","2021Q1_vs_2019Q1","2020Q4_vs_2019Q4"
"aba_chn.26_1_cn","Sichuan","Aba",16.0917605274854,16.4200643470693,18.9400083484469,15.0463976717943,19.9239665580694,18.7826747863125,"14.4%","5.2%",0.143885577382943,0.0519513081261755
"aksu_chn.28_1_cn","Xinjiang Uygur","Aksu",65.0151243741117,72.4358866298809,58.7280857266976,59.1847759597535,56.4443338507145,59.8343568776049,"-17.4%","-3.9%",-0.173968047311478,-0.0388868775088459
"ali_chn.29_1_cn","Xizang","Ali",10.0437649405364,9.85852374995553,6.25750741664629,4.67084703644037,8.19301378413228,9.13916368422143,"-7.3%","30.9%",-0.0729683352172628,0.309309480375067
"altay_chn.28_1_cn","Xinjiang Uygur","Altay",6.87409199548129,13.4164114386481,11.4158183294947,11.1131509680891,13.7519274051394,14.584280777349,"8.7%","20.5%",0.0870478178193514,0.204637898766216
"alxa_chn.19_1_cn","Nei Mongol","Alxa",29.9365982722054,34.9481522555474,23.8624375007655,30.8327406635596,26.4364797941992,26.8182307498805,"-23.3%","10.8%",-0.232628078480927,0.107870048621443
"ankang_chn.22_1_cn","Shaanxi","Ankang",42.2996645851184,65.9550834440442,38.4745106345281,42.1631586201981,40.3602729802402,46.5962717373481,"-29.4%","4.9%",-0.293515081716483,0.0490132899577354
"anqing_chn.1_1_cn","Anhui","Anqing",53.0875032581572,70.7415071859001,49.6786178763917,44.0439425641202,48.0386456621945,46.0082311188261,"-35%","-3.3%",-0.349628910253184,-0.0330116312470227
"anshan_chn.18_1_cn","Liaoning","Anshan",41.1748143953894,62.3541889617492,44.5295821192948,66.5611340103251,40.46507535979,61.4809554994593,"-1.4%","-9.1%",-0.0140044073514534,-0.0912765529354387
"anshun_chn.8_1_cn","Guizhou","Anshun",28.5623575889554,27.0437911678687,23.5926972071341,26.8619830268097,27.1550373544407,34.7901908228369,"28.6%","15.1%",0.286439116723097,0.150993339847103
"anyang_chn.12_1_cn","Henan","Anyang",93.4302516370548,118.542844780851,83.8814298507087,98.8745621890448,82.2538925002509,79.8939476824315,"-32.6%","-1.9%",-0.326033150038448,-0.0194028327050993
"baicheng_chn.17_1_cn","Jilin","Baicheng",30.4354263549083,42.1476189130951,29.2101122746286,39.4946697362702,22.827006236645,34.5724074986728,"-18%","-21.9%",-0.179730471371153,-0.218523844686753
"baise_chn.7_1_cn","Guangxi","Baise",32.8243655637771,36.2593979743852,31.6518818260209,35.6827540621632,28.5436927885951,45.9149737541042,"26.6%","-9.8%",0.266291673859009,-0.0981991862130168
"baishan_chn.17_1_cn","Jilin","Baishan",30.8234212145086,47.9868168348517,33.595470516729,40.8555863424885,30.6442960756795,39.0987541434009,"-18.5%","-8.8%",-0.185218842959295,-0.0878444146088054
"baiyin_chn.5_1_cn","Gansu","Baiyin",39.3785993050278,37.9630013593168,34.5866378695385,38.4109042909328,34.6839845482019,35.8626856061924,"-5.5%","0.3%",-0.0553253346131691,0.00281457477973457
"baoding_chn.10_1_cn","Hebei","Baoding",83.8396531317617,97.0580279775776,59.5227808967484,84.2446933188356,58.7416026603148,64.820324208477,"-33.2%","-1.3%",-0.33214876132192,-0.0131240211674362
"baoji_chn.22_1_cn","Shaanxi","Baoji",56.1215437407435,90.3360858346793,60.2405316991035,76.4467437797587,56.9273129969366,66.7064425916127,"-26.2%","-5.5%",-0.261574796214996,-0.0549998250134336
"baoshan_chn.30_1_cn","Yunnan","Baoshan",15.9434014760486,23.83348225588,19.8241787271818,28.8426533588637,15.8669925735088,39.0251354120919,"63.7%","-20%",0.637408037697221,-0.199614128188181
"baotou_chn.19_1_cn","Nei Mongol","Baotou",46.3140104498027,51.0237830195624,54.1645559025264,87.6027750070021,42.4019576910409,46.0419325855368,"-9.8%","-21.7%",-0.0976378100407718,-0.217164121730329
"bayan nur_chn.19_1_cn","Nei Mongol","Bayan Nur",37.6664671328006,40.8566338280298,41.4094514252564,64.4783255441341,33.8293678155221,39.6080097242998,"-3.1%","-18.3%",-0.0305611105649489,-0.183052017083982
"bazhong_chn.26_1_cn","Sichuan","Bazhong",36.8026585491334,49.3394751343664,30.4453132668547,40.1639774504946,29.4202714731959,42.0130194753218,"-14.8%","-3.4%",-0.148490749832512,-0.0336682951715526
"beihai_chn.7_1_cn","Guangxi","Beihai",31.6049132550006,34.7645789519088,40.3109091664194,29.5497203982923,37.1960803262015,43.444022521595,"25%","-7.7%",0.24966341694208,-0.0772701212805361
"beijing_chn.2_1_cn","Beijing","Beijing",51.5731053009532,51.0314045106252,42.5292611290197,51.7245756803329,35.600833045647,61.6269699334921,"20.8%","-16.3%",0.207628332484181,-0.162909674408736
"bengbu_chn.1_1_cn","Anhui","Bengbu",60.555882806012,78.965096240149,60.9924903430636,58.3767578705331,59.3903281058484,53.641246153439,"-32.1%","-2.6%",-0.320696754547035,-0.0262681885622901
"benxi_chn.18_1_cn","Liaoning","Benxi",40.337754726846,55.5487099428713,43.6121447952503,54.3469188608289,39.4692864321624,47.9221605780603,"-13.7%","-9.5%",-0.137294806173797,-0.0949932268302273
"bijie_chn.8_1_cn","Guizhou","Bijie",25.7290392656492,28.8665230723383,31.2606008253639,32.8392805693272,24.6771426947606,37.1834745102766,"28.8%","-21.1%",0.288117533833096,-0.210599219361825
"binzhou_chn.23_1_cn","Shandong","Binzhou",65.1073125053904,82.6723610127416,59.8295488124662,66.1527759632366,61.1576448930465,61.5779204364897,"-25.5%","2.2%",-0.25515710834726,0.0221979959224363
"bozhou_chn.1_1_cn","Anhui","Bozhou",65.4530828883804,88.9964571902234,68.6558344605705,76.8068685737085,61.7679786876269,54.9587870514539,"-38.2%","-10%",-0.382460956462755,-0.100324405450193
"bozhou_chn.28_1_cn","Xinjiang Uygur","Bozhou",32.1018854762522,37.765467506051,27.1928043383284,35.7452408050649,29.3488215532333,33.4381044834125,"-11.5%","7.9%",-0.114585183460134,0.0792863136909319
"cangzhou_chn.10_1_cn","Hebei","Cangzhou",72.1387430983081,76.3049784783201,58.0816832160753,69.7345380782452,57.0993078592933,57.3811266574792,"-24.8%","-1.7%",-0.248002845924629,-0.0169136860777156
"changchun_chn.17_1_cn","Jilin","Changchun",33.4747685808356,64.5768633909506,42.926820672558,66.807796374545,37.2183677702375,50.1257690353129,"-22.4%","-13.3%",-0.223781298700592,-0.132981031739202
"changde_chn.14_1_cn","Hunan","Changde",48.1794243966868,69.054635519769,52.2561499698339,53.0591544312831,59.1545697131599,54.728292036604,"-20.7%","13.2%",-0.207463892544385,0.132011633985823
"changji_chn.28_1_cn","Xinjiang Uygur","Changji",59.9505774327112,84.3760679671289,48.6892268909354,78.5282202613981,54.9968248468592,58.8976971606071,"-30.2%","13%",-0.301962054174504,0.129548123038653
"changsha_chn.14_1_cn","Hunan","Changsha",51.3692245581278,60.9207903621351,60.550132987149,45.8327933165384,63.0018031816855,58.6327101497997,"-3.8%","4%",-0.0375582818071508,0.0404899225416546
"changshu_chn.15_1_cn","Jiangsu","Changshu",48.7899161249034,57.2517038756703,39.5377634062075,40.7563696837811,36.165834285238,39.0824197571223,"-31.7%","-8.5%",-0.317357962970064,-0.0852837598911859
"changzhi_chn.25_1_cn","Shanxi","Changzhi",51.5472856478222,76.8896992060003,45.5980659042507,64.6582612761753,48.120057815029,51.9696198629459,"-32.4%","5.5%",-0.324101662516449,0.055309186053506
"changzhou_chn.15_1_cn","Jiangsu","Changzhou",54.8538619479014,66.0279500975125,54.5449922967702,50.1368710754781,47.7106049606303,50.7616924038002,"-23.1%","-12.5%",-0.231209020894432,-0.125298163009266
"chaoyang_chn.18_1_cn","Liaoning","Chaoyang",45.1969591836299,48.2110689596253,44.843744740214,53.510360429657,38.3761900206926,52.3262397179727,"8.5%","-14.4%",0.0853573846660329,-0.144224233658202
"chaozhou_chn.6_1_cn","Guangdong","Chaozhou",27.7895802072066,36.0464117346125,35.1490106184331,34.8631187087464,25.7960941826529,35.6103554290197,"-1.2%","-26.6%",-0.0120970794209204,-0.266093305934344
"chengde_chn.10_1_cn","Hebei","Chengde",34.2481149865621,35.2128929669364,36.1532232533061,38.5550770542224,30.1426682639466,43.5625865900659,"23.7%","-16.6%",0.237120353359478,-0.166252257710101
"chengdu_chn.26_1_cn","Sichuan","Chengdu",51.0016381272546,56.239995714669,50.4897703668668,51.4479286242396,48.610628742114,61.6228233124248,"9.6%","-3.7%",0.0957117355603183,-0.0372182644345305
"chenzhou_chn.14_1_cn","Hunan","Chenzhou",29.7994819648127,36.1365421069876,39.669769284074,26.5948351239881,45.4799927828762,41.5690669461588,"15%","14.6%",0.150333278239169,0.146464766588264
"chifeng_chn.19_1_cn","Nei Mongol","Chifeng",35.314947672078,31.4301786562598,25.7132241891435,32.1858652755774,32.4425774664315,37.449894267034,"19.2%","26.2%",0.191526611305958,0.261707875596918
"chizhou_chn.1_1_cn","Anhui","Chizhou",48.1104441272083,64.3751092527943,46.5002419755379,43.3975741001302,48.1499474903574,44.2547167586841,"-31.3%","3.5%",-0.312549255879311,0.0354773533369437
"chongqing_chn.3_1_cn","Chongqing","Chongqing",44.4786867462087,56.6299925496419,41.5598414899719,44.8628210285428,39.3884579379047,49.7059719268902,"-12.2%","-5.2%",-0.122267729713757,-0.0522471567316033
"chongzuo_chn.7_1_cn","Guangxi","Chongzuo",26.5963177679652,32.5187661457641,36.9299341319781,33.4225284523302,30.6862714746979,50.6110377747243,"55.6%","-16.9%",0.556364025248137,-0.169067798360184
"chuxiong_chn.30_1_cn","Yunnan","Chuxiong",20.0655018360228,24.5589118409771,19.1193405395865,24.5943536337954,18.544975860253,32.7680656199678,"33.4%","-3%",0.334263742308549,-0.0300410298223538
"chuzhou_chn.1_1_cn","Anhui","Chuzhou",56.3447666420871,74.2141066204891,53.5302592716323,51.2946480028574,49.1110424714424,51.4065705085937,"-30.7%","-8.3%",-0.307320766232853,-0.0825554903025065
"dali_chn.30_1_cn","Yunnan","Dali",10.4804435333263,17.4896994170273,13.3729604793939,20.3042427932752,15.184832642297,26.5533256353185,"51.8%","13.5%",0.518226528779975,0.13548773778962
"dalian_chn.18_1_cn","Liaoning","Dalian",32.9241106994901,54.6834051438531,36.1745349994929,43.508718364224,32.3287147009016,44.1928038751725,"-19.2%","-10.6%",-0.191842502146373,-0.106312915940597
"dandong_chn.18_1_cn","Liaoning","Dandong",34.2917250627357,55.0914681326151,33.7820042010003,42.4980909103519,35.4722379503548,46.7388970461306,"-15.2%","5%",-0.151612788143136,0.0500335545309196
"daqing_chn.11_1_cn","Heilongjiang","Daqing",25.1512464202869,42.9328037922766,38.214457453247,58.5121476704271,18.4867853717692,34.2520530892222,"-20.2%","-51.6%",-0.202193892228769,-0.516235827909199
"datong_chn.25_1_cn","Shanxi","Datong",40.3510859788543,43.6979988165209,39.2004546030689,45.2717152894437,38.8899116035318,46.5841396275284,"6.6%","-0.8%",0.0660474367058714,-0.00792192342363229
"daxinganling_chn.19_1_cn","Nei Mongol","Daxinganling",19.0385833911737,26.4005226828117,23.1032987073364,27.4670524151706,9.39932045676052,11.672458701972,"-55.8%","-59.3%",-0.557870166351994,-0.593161107605132
"dazhou_chn.26_1_cn","Sichuan","Dazhou",54.4626900069092,70.2397642927037,48.876924318582,54.0893367637283,44.9294704924364,60.09511016541,"-14.4%","-8.1%",-0.144428931808751,-0.0807631388672476
"dehong_chn.30_1_cn","Yunnan","Dehong",28.8713462317193,33.7726603671348,18.5848138644144,26.5774616952489,20.4532408614056,44.2946600803949,"31.2%","10.1%",0.311553771567826,0.100535147170282
"deyang_chn.26_1_cn","Sichuan","Deyang",46.7490969643596,59.4514362989434,49.4918305369686,53.887601807444,45.6975299178269,61.064529316581,"2.7%","-7.7%",0.0271329528445081,-0.076665190557207
"dezhou_chn.23_1_cn","Shandong","Dezhou",68.4670419374244,84.0431476790701,62.3806234983831,76.9657661755098,62.9903755223724,62.0669582770828,"-26.1%","1%",-0.26148698625504,0.00977470230006738
"dingxi_chn.5_1_cn","Gansu","Dingxi",40.0520697970888,38.2088821060427,36.3952716295559,41.8822121463809,31.0647252851784,36.8800139495835,"-3.5%","-14.6%",-0.0347790378365721,-0.146462606424091
"diqing_chn.30_1_cn","Yunnan","Diqing",11.3978233132418,15.3151650563607,15.4166239548337,16.5656123445628,14.3606152207893,21.1053999821041,"37.8%","-6.8%",0.378071989719667,-0.0684980536035835
"dongguan_chn.6_1_cn","Guangdong","Dongguan",38.0965600406852,36.5390855634217,46.0190055815839,29.6147293478128,31.9340934448123,33.4173448094997,"-8.5%","-30.6%",-0.0854356562509885,-0.306067285869562
"dongying_chn.23_1_cn","Shandong","Dongying",56.8804232950835,73.9506974985221,55.5776429178472,61.8120850736506,58.0649093011143,58.4678545906211,"-20.9%","4.5%",-0.209367097696548,0.0447530023348353
"enshi_chn.13_1_cn","Hubei","Enshi",37.3948972227347,45.6292180452531,39.5893452649245,38.5532050447464,37.1741917254385,40.2708930225562,"-11.7%","-6.1%",-0.117431883609811,-0.0610051397244439
"ezhou_chn.13_1_cn","Hubei","Ezhou",49.0352833065822,61.8951177179273,47.8503712181816,41.2494573121869,56.9519777046043,47.8187329544767,"-22.7%","19%",-0.227423184290569,0.190209736198753
"fangchenggang_chn.7_1_cn","Guangxi","Fangchenggang",30.7024279057027,31.6856215979266,36.8579257249808,25.6819125110301,32.8580037602655,36.5593986825578,"15.4%","-10.9%",0.153816678949109,-0.108522709459047
"foshan_chn.6_1_cn","Guangdong","Foshan",37.5136864344038,33.7527314545382,42.4235083812404,24.2489043895243,31.562649092799,34.8806585198914,"3.3%","-25.6%",0.0334173566625975,-0.256010398546955
"fushun_chn.18_1_cn","Liaoning","Fushun",52.4629221025313,68.6848035048451,53.3033664732916,64.7608244202817,53.0532520781221,65.6223984166242,"-4.5%","-0.5%",-0.0445863558160263,-0.00469228140205413
"fuxin_chn.18_1_cn","Liaoning","Fuxin",40.7683641553232,49.63768466305,45.6718925896051,52.6731678683432,39.8056374608745,52.7542774210903,"6.3%","-12.8%",0.0627868277740238,-0.128443442916701
"fuyang_chn.1_1_cn","Anhui","Fuyang",74.372549106513,87.0180314475296,69.7022655213263,73.9371279311538,74.312321225004,63.8986514774375,"-26.6%","6.6%",-0.265684934323442,0.0661392519912742
"fuyang_chn.31_1_cn","Zhejiang","Fuyang",42.0270050400507,51.9472023547777,38.0380428605211,22.5095851789586,41.233813894894,37.6510064412238,"-27.5%","8.4%",-0.275206272243822,0.0840151278574257
"fuzhou_chn.16_1_cn","Jiangxi","Fuzhou",35.4062162394526,39.6125312063916,40.4102121851233,30.4698591509834,36.0917531581687,34.8101384791579,"-12.1%","-10.7%",-0.121234179714798,-0.106865537037306
"fuzhou_chn.4_1_cn","Fujian","Fuzhou",19.7969097607478,26.0966806464693,25.3683219727038,23.5901923680217,19.0151798746326,28.0017138038518,"7.3%","-25%",0.072999060041002,-0.250436040070258
"gannan_chn.5_1_cn","Gansu","Gannan",28.9240306642836,32.7390608988435,24.4347787303026,25.8138421774005,25.2020921424937,26.4313857626234,"-19.3%","3.1%",-0.1926651212052,0.0314025111772172
"ganzhou_chn.16_1_cn","Jiangxi","Ganzhou",31.3099315277891,28.2504929822558,36.9609883416173,22.8587448368636,34.7248812104133,30.814100196597,"9.1%","-6%",0.0907455744560439,-0.0604991162719037
"ganzi_chn.26_1_cn","Sichuan","Ganzi",14.6624977101009,13.1373782545633,11.3037893808158,9.49745127584086,10.1882299257584,10.8487700812359,"-17.4%","-9.9%",-0.174205852109982,-0.0986889809669135
"golok_chn.21_1_cn","Qinghai","Golok",14.5870729168853,18.9294331503052,19.4565546423116,16.5894894475137,18.902910576071,21.0934078490181,"11.4%","-2.8%",0.114317987312688,-0.0284554010932977
"guang'an_chn.26_1_cn","Sichuan","Guang'an",40.4171963562886,52.6354918916661,32.8570348036194,44.5171616941542,38.4256520993166,52.8522620604714,"0.4%","16.9%",0.00411832702640047,0.169480214175739
"guangyuan_chn.26_1_cn","Sichuan","Guangyuan",36.7814720008607,40.1576097741496,31.8708392510643,38.5861650365501,27.5329080944211,36.9406340534118,"-8%","-13.6%",-0.0801087449883204,-0.136109724706992
"guangzhou_chn.6_1_cn","Guangdong","Guangzhou",34.8896079497096,33.6148855561282,40.9191125078907,24.4233365603106,31.4400517605967,35.9745890944495,"7%","-23.2%",0.0701981726036573,-0.231653625074739
"guigang_chn.7_1_cn","Guangxi","Guigang",35.8563941374133,35.7483696505689,45.753610455896,34.7074413073226,35.862021415903,46.1986414491098,"29.2%","-21.6%",0.29232862647135,-0.21619253522141
"guilin_chn.7_1_cn","Guangxi","Guilin",34.290593392634,36.2827569741067,41.0122699279071,31.017526361291,37.8299076928072,46.3148334071684,"27.6%","-7.8%",0.27649708207734,-0.0775953694027182
"guiyang_chn.8_1_cn","Guizhou","Guiyang",30.7172351812653,32.3344309575197,29.9252726977029,30.8287698279444,26.8745543358179,37.1892458857431,"15%","-10.2%",0.150143818352689,-0.101944546761612
"guyuan_chn.20_1_cn","Ningxia Hui","Guyuan",31.4814421941411,37.6417234085332,27.5810103435122,35.6622945703648,32.7874952975515,36.2369508555981,"-3.7%","18.9%",-0.0373195599385525,0.188770639262098
"haibei_chn.21_1_cn","Qinghai","Haibei",17.3777429021116,24.590260629065,15.7701292617607,17.8094898681283,23.5675537540444,23.5042516928639,"-4.4%","49.4%",-0.0441641897409343,0.494442649318728
"haidong_chn.21_1_cn","Qinghai","Haidong",44.5252760051338,48.9210027814376,40.1885715411245,45.1414334820677,51.316010342433,45.3938220268643,"-7.2%","27.7%",-0.0720995186940768,0.27688067464458
"haimen_chn.15_1_cn","Jiangsu","Haimen",38.1511430346926,48.6858780616068,36.7231682380896,36.7455704156023,31.7199006840377,35.9863431353702,"-26.1%","-13.6%",-0.260846377468363,-0.136242807853993
"hainan_chn.21_1_cn","Qinghai","Hainan",17.9216945820019,27.3611251173608,16.7549577076987,18.5931785288193,24.5106824176941,25.98324449696,"-5%","46.3%",-0.0503590628854137,0.462891333138473
"haixi_chn.21_1_cn","Qinghai","Haixi",11.2449651560261,15.7329910041678,10.6619482656848,11.2762278928151,11.8290751407485,16.3426517385598,"3.9%","10.9%",0.0387504660894125,0.109466567083244
"hami_chn.28_1_cn","Xinjiang Uygur","Hami",33.6023044128426,36.7923429338034,35.1443223455526,48.3833117896667,31.3826065871299,34.6670706686577,"-5.8%","-10.7%",-0.0577639828202703,-0.107036229677045
"handan_chn.10_1_cn","Hebei","Handan",79.3622815680024,103.117372402816,70.1834939098116,83.5089300196525,70.1015152095031,64.42728626765,"-37.5%","-0.1%",-0.375204344657154,-0.00116806239959788
"hangzhou_chn.31_1_cn","Zhejiang","Hangzhou",38.8201166318414,49.4786534554489,41.4828906336151,31.9785385504569,36.0430740987197,34.8912857322372,"-29.5%","-13.1%",-0.294821437215269,-0.131133979619233
"hanzhong_chn.22_1_cn","Shaanxi","Hanzhong",53.2788804604466,72.1624594365632,51.4214929527109,58.3044792779805,46.8427596390285,62.1140362083569,"-13.9%","-8.9%",-0.139247238892124,-0.0890431811828801
"harbin_chn.11_1_cn","Heilongjiang","Harbin",37.2754875572118,77.0693124202805,48.8147388432402,85.5503653068632,44.5434699073117,60.9038402864639,"-21%","-8.7%",-0.209752385562515,-0.0874995756844036
"hebi_chn.12_1_cn","Henan","Hebi",67.5623897626513,94.4747745444421,76.0688522365302,83.6575569090566,76.0096730309826,73.9958265711095,"-21.7%","-0.1%",-0.21676630690131,-0.00077796895585569
"hechi_chn.7_1_cn","Guangxi","Hechi",28.2172759158025,30.716653422751,29.5048342783848,31.6318794642285,28.5988416405191,41.4647148866519,"35%","-3.1%",0.349909910952086,-0.0307065828371553
"hefei_chn.1_1_cn","Anhui","Hefei",54.2262684474389,68.8587127982753,47.2699531922896,44.8075651670178,47.9123249714709,44.3357240191541,"-35.6%","1.4%",-0.356134870702019,0.0135894312517748
"hegang_chn.11_1_cn","Heilongjiang","Hegang",26.4836721445689,32.6454826649742,24.4548968820184,32.2057471610446,21.9878958094425,28.9072068903319,"-11.5%","-10.1%",-0.11451127290739,-0.100879635047242
"heihe_chn.11_1_cn","Heilongjiang","Heihe",18.8823220160382,18.635008950166,19.0307718048121,28.8564919111013,14.7802887836122,20.1527694327313,"8.1%","-22.3%",0.0814467267831296,-0.223347905423631
"hengshui_chn.10_1_cn","Hebei","Hengshui",76.2726868665525,88.2531726256471,64.1103339840909,74.546800997126,62.4427678403563,59.8091910338815,"-32.2%","-2.6%",-0.322299819321164,-0.0260108790596604
"hengyang_chn.14_1_cn","Hunan","Hengyang",46.798639098541,56.4277769167859,56.6045580584207,40.0500080948927,52.0903091806905,50.2336949022896,"-11%","-8%",-0.109770087587019,-0.0797506249067633
"heyuan_chn.6_1_cn","Guangdong","Heyuan",28.4185314256442,26.8830367818206,34.2595459493728,23.9573696436121,30.6653911622887,28.8998337755699,"7.5%","-10.5%",0.075021174509315,-0.104909586145576
"heze_chn.23_1_cn","Shandong","Heze",79.3931413031192,95.2186331219703,70.880044896412,75.0178526796294,70.303225159343,69.5367639766253,"-27%","-0.8%",-0.269714742832401,-0.00813797081974177
"hezhou_chn.7_1_cn","Guangxi","Hezhou",32.2804726191356,32.472007224239,41.1750084700603,29.5105254249582,38.3834878207726,39.1262575896996,"20.5%","-6.8%",0.204922668300392,-0.0677964802683045
"hohhot_chn.19_1_cn","Nei Mongol","Hohhot",47.0744047523427,48.2273131939613,57.1961429497087,84.6117148158219,39.7603513217779,42.9263583021968,"-11%","-30.5%",-0.109916031822984,-0.304842087748149
"honghe_chn.30_1_cn","Yunnan","Honghe",21.1031461070685,33.1695475021301,20.954228557463,40.9023951041142,23.26806473089,39.8752841621767,"20.2%","11%",0.202165454913606,0.110423352836957
"hotan_chn.28_1_cn","Xinjiang Uygur","Hotan",50.4851388452355,55.779511327244,97.8696354811097,95.7702868635698,50.835601488239,50.1670427371647,"-10.1%","-48.1%",-0.10061881964423,-0.480578411901299
"huai'an_chn.15_1_cn","Jiangsu","Huai'an",52.8351736360462,66.0126693955999,58.0761856850037,55.8103406550407,54.5264049330713,53.7952298510589,"-18.5%","-6.1%",-0.185077192854065,-0.0611228287474971
"huaibei_chn.1_1_cn","Anhui","Huaibei",73.3084588374694,88.5154335100915,68.6901049772331,72.1445552424366,62.57211281157,55.6418293162426,"-37.1%","-8.9%",-0.371388388332313,-0.0890665717819311
"huaihua_chn.14_1_cn","Hunan","Huaihua",36.444037440356,47.9769026068045,42.3855163179811,34.184244038987,38.5511910617427,38.6229518789048,"-19.5%","-9%",-0.194967791159012,-0.0904631012979263
"huainan_chn.1_1_cn","Anhui","Huainan",62.5754941592311,81.9889452688595,65.2974569535384,63.2792543644266,68.8879612812981,59.8978829539047,"-26.9%","5.5%",-0.269439523127336,0.0549868937516895
"huanggang_chn.13_1_cn","Hubei","Huanggang",45.7427339312761,58.6864205423961,45.4620939835626,42.9585948251698,46.9125256713214,43.6391692105769,"-25.6%","3.2%",-0.256400904889893,0.0319041988757316
"huangnan_chn.21_1_cn","Qinghai","Huangnan",24.8376616481139,32.253773913814,20.9470162910498,27.1748859847022,28.9963876198487,27.7697502888921,"-13.9%","38.4%",-0.139023223666902,0.384272930185198
"huangshan_chn.1_1_cn","Anhui","Huangshan",25.7837914099514,32.4362116684374,28.5439721397555,24.664331022344,29.1930038323257,28.2638757833685,"-12.9%","2.3%",-0.128632034089507,0.0227379598533974
"huangshi_chn.13_1_cn","Hubei","Huangshi",44.533061444594,58.1553389381587,45.717957258646,38.6815720803985,48.3561940598365,44.2227931501319,"-24%","5.8%",-0.239574664036305,0.0577067953028803
"huizhou_chn.6_1_cn","Guangdong","Huizhou",28.0806668213244,28.0845276839425,36.5768472013067,22.903383611845,28.9252762432687,28.8867937105499,"2.9%","-20.9%",0.0285661213760111,-0.209191648365054
"huludao_chn.18_1_cn","Liaoning","Huludao",48.8836459220565,66.1417195379662,51.3459575619142,60.6787088721128,45.7490675960763,70.7210991221007,"6.9%","-10.9%",0.069235871339963,-0.109003517153012
"hulunbeier_chn.19_1_cn","Nei Mongol","Hulunbeier",17.5491942438335,20.0234550873801,15.6933370382906,23.4630792376052,17.4224876677658,20.3707373120989,"1.7%","11%",0.0173437712524283,0.110183743919871
"huzhou_chn.31_1_cn","Zhejiang","Huzhou",33.3981236378112,45.4501136744291,35.5773871645043,29.4924122188797,30.7224476808781,31.4510650118685,"-30.8%","-13.6%",-0.308009101205762,-0.136461383776661
"ili kazak_chn.28_1_cn","Xinjiang Uygur","Ili Kazak",64.3915902292991,67.0342750513276,61.4573738248763,66.9044237184969,68.8427151888612,57.5726302907922,"-14.1%","12%",-0.14114637255778,0.12017014239869
"ji'an_chn.16_1_cn","Jiangxi","Ji'an",36.5982840269369,37.4807301717575,43.2649679962817,27.9851497697568,39.4724006300863,35.8489742490467,"-4.4%","-8.8%",-0.0435358627015303,-0.0876590817430263
"jiamusi_chn.11_1_cn","Heilongjiang","Jiamusi",30.5507300665559,45.1118839700131,31.0736604204737,46.4941733674422,27.3208773914229,40.3364602054936,"-10.6%","-12.1%",-0.105857333905493,-0.120770549020293
"jiangmen_chn.6_1_cn","Guangdong","Jiangmen",34.3338372380516,32.2636656701773,37.8167803969885,22.9071091466914,31.5629139502403,31.3534258605726,"-2.8%","-16.5%",-0.0282125353922836,-0.165372789039605
"jiangyin_chn.15_1_cn","Jiangsu","Jiangyin",52.367062040711,62.6952186793597,47.8319339083517,47.6914344753013,42.3812452860362,46.1839952899132,"-26.3%","-11.4%",-0.263356979004881,-0.113955012414077
"jiaonan_chn.23_1_cn","Shandong","Jiaonan",43.5530133993205,71.0020355788474,47.154197925021,48.74114492302,41.1260400896757,46.7157922035145,"-34.2%","-12.8%",-0.342049959234804,-0.12783926141487
"jiaozhou_chn.23_1_cn","Shandong","Jiaozhou",60.3198723959974,85.0630928190424,55.520398676885,55.1251418696202,50.9702093199653,52.4119634061179,"-38.4%","-8.2%",-0.383846017477689,-0.0819552716723213
"jiaozuo_chn.12_1_cn","Henan","Jiaozuo",72.4599445717519,100.631940212442,66.9490058046391,78.0283596751631,69.7460781997967,71.6280046661547,"-28.8%","4.2%",-0.288217990084042,0.0417791475995857
"jiaxing_chn.31_1_cn","Zhejiang","Jiaxing",36.5232371553272,48.9517141516246,37.9781965344292,32.9529464731787,30.1209834112214,35.0827824601334,"-28.3%","-20.7%",-0.283318611653376,-0.206887473344998
"jiayuguan_chn.5_1_cn","Gansu","Jiayuguan",24.9179666521459,32.3341661323329,22.9708763527299,27.3048418949143,24.1130914001334,26.9990543761516,"-16.5%","5%",-0.164999206546612,0.0497244872099856
"jieyang_chn.6_1_cn","Guangdong","Jieyang",35.9028367990665,34.9742864240352,42.9974412533781,39.8876956212867,31.940170000212,41.8435483206672,"19.6%","-25.7%",0.196408922067707,-0.257161145659973
"jilin_chn.17_1_cn","Jilin","Jilin",34.6833303907704,64.8831006145495,39.7663237651001,64.5126531137079,35.1904066429324,50.0283811696925,"-22.9%","-11.5%",-0.228945893524791,-0.115070157080591
"jimo_chn.23_1_cn","Shandong","Jimo",43.7516092023557,73.9445776215769,48.2205080741569,50.9207803559998,53.2831032441618,55.680719502046,"-24.7%","10.5%",-0.246993879835235,0.104988424473242
"jinan_chn.23_1_cn","Shandong","Jinan",66.5674901891321,82.1876500668754,65.3576053082796,68.3652625417416,63.3535058322599,60.6406343060836,"-26.2%","-3.1%",-0.262168534363242,-0.0306636001513032
"jinchang_chn.5_1_cn","Gansu","Jinchang",21.14274157474,23.7429483451824,26.6237188841068,26.6449300733453,27.2021551152223,25.2703630803042,"6.4%","2.2%",0.0643313000944883,0.0217263498624443
"jincheng_chn.25_1_cn","Shanxi","Jincheng",56.0715405520425,87.7516998535267,52.8392250545832,66.3472083251232,49.2741592848532,48.354769346638,"-44.9%","-6.7%",-0.448959171989252,-0.0674700616075888
"jingdezhen_chn.16_1_cn","Jiangxi","Jingdezhen",27.2912347611773,29.3790021527208,32.355006244129,23.4359250612779,28.694307898068,27.2955613840633,"-7.1%","-11.3%",-0.0709159813470581,-0.113141636210477
"jingmen_chn.13_1_cn","Hubei","Jingmen",68.9126307446609,90.1369467808463,63.431334843654,63.2230722854076,67.7697261630581,67.6738220103053,"-24.9%","6.8%",-0.249211067967019,0.0683950815491661
"jingzhou_chn.13_1_cn","Hubei","Jingzhou",54.3696288502606,67.909699057928,50.4449512016142,46.7723214300433,49.930244156869,49.1936643000049,"-27.6%","-1%",-0.275601792049734,-0.0102033411170919
"jinhua_chn.31_1_cn","Zhejiang","Jinhua",35.9778735651161,33.4098656097131,43.9479581150323,28.1597228123832,37.1733519400877,34.6472564425879,"3.7%","-15.4%",0.0370366899205707,-0.154150646935911
"jining_chn.23_1_cn","Shandong","Jining",57.4125920127123,75.3063747364501,73.5518475132584,77.4825332736505,68.8185403623818,69.1387881980394,"-8.2%","-6.4%",-0.0818999262678023,-0.0643533413626814
"jintan_chn.15_1_cn","Jiangsu","Jintan",47.3508493884313,63.3474248025524,47.7569261859836,47.6193330505192,45.279678191875,47.2839250072376,"-25.4%","-5.2%",-0.253577787027384,-0.0518720150551826
"jinzhong_chn.25_1_cn","Shanxi","Jinzhong",58.5155661012758,73.6217253582835,48.3160630662693,62.7266416029333,47.6930335495912,47.294105709093,"-35.8%","-1.3%",-0.357606664623328,-0.0128948734052202
"jinzhou_chn.18_1_cn","Liaoning","Jinzhou",54.1786104563205,68.0521898002297,53.9862001662953,65.9457169060356,54.962877472686,70.3821090364984,"3.4%","1.8%",0.0342372411983853,0.0180912400461999
"jiujiang_chn.16_1_cn","Jiangxi","Jiujiang",48.1698258184511,57.0237042816856,52.5270108850674,42.4912475164762,51.1359734614764,42.4100028672339,"-25.6%","-2.6%",-0.256274151224253,-0.0264823259529211
"jiuquan_chn.5_1_cn","Gansu","Jiuquan",34.2430040991137,36.8022250241914,28.1770801540971,31.7271318933668,29.9131619140324,31.2351100238965,"-15.1%","6.2%",-0.151271152671759,0.0616132597998411
"jixi_chn.11_1_cn","Heilongjiang","Jixi",28.7644264555158,48.4148223978115,30.4393000089734,35.692365988413,28.7905472672856,43.8744736948532,"-9.4%","-5.4%",-0.0937801375300215,-0.054165264680917
"jurong_chn.15_1_cn","Jiangsu","Jurong",50.9657775034887,70.7242868105731,43.7385043277312,45.6572149867505,44.4532102916065,51.2907122513825,"-27.5%","1.6%",-0.274779364141786,0.0163404298994767
"kaifeng_chn.12_1_cn","Henan","Kaifeng",91.2302963607939,104.427532488042,68.9328018233677,83.9792742050916,76.690556058368,74.5528737077151,"-28.6%","11.3%",-0.286080290020718,0.112540822798392
"karamay_chn.28_1_cn","Xinjiang Uygur","Karamay",35.0731019346815,48.0506421388795,32.6676449677284,50.5059055040547,36.4007587273995,42.4033726447205,"-11.8%","11.4%",-0.117527451097049,0.114275570319164
"kashi_chn.28_1_cn","Xinjiang Uygur","Kashi",82.2466419906775,103.946008790209,100.784210622316,94.2397925333711,70.9405347078725,85.3139421038631,"-17.9%","-29.6%",-0.179247543058152,-0.296114597020374
"kezilesu state_chn.28_1_cn","Xinjiang Uygur","Kezilesu State",44.3799495490508,53.1890732791998,52.5287329517682,59.0092455176954,42.2765126657643,42.8914287015084,"-19.4%","-19.5%",-0.193604512032708,-0.195173569014456
"korla_chn.28_1_cn","Xinjiang Uygur","Korla",38.8267913694332,58.7789261939008,46.5771107081651,50.3500190606416,44.0943975660523,49.9322497688854,"-15.1%","-5.3%",-0.150507622337839,-0.0533032879104202
"kunming_chn.30_1_cn","Yunnan","Kunming",21.7191531174051,27.8894508011042,26.609690943375,30.5217688910648,24.5157023428944,39.0564817289405,"40%","-7.9%",0.400403400105471,-0.0786927065382511
"kunshan_chn.15_1_cn","Jiangsu","Kunshan",39.411902139336,50.2274688284062,36.039676661921,36.1266028558212,34.72801130556,38.1423443370907,"-24.1%","-3.6%",-0.240607874002218,-0.0363950367442378
"laibin_chn.7_1_cn","Guangxi","Laibin",37.0663591611057,44.0467468133826,43.8286437895608,38.755951911811,37.7794747018592,56.675468975469,"28.7%","-13.8%",0.286711802249364,-0.138018623545508
"laixi_chn.23_1_cn","Shandong","Laixi",52.6150249403608,83.4083569040521,54.8974170110937,56.5229836040573,54.8134675003358,56.9986028448236,"-31.7%","-0.2%",-0.316631990360495,-0.00152920693410696
"laizhou_chn.23_1_cn","Shandong","Laizhou",37.2807525213976,55.7806606173061,48.8500130153663,55.9113382996465,49.6375706439932,50.7228190681969,"-9.1%","1.6%",-0.0906737477314854,0.0161219533018182
"langfang_chn.10_1_cn","Hebei","Langfang",64.0103644792763,67.4146247547294,48.8791140704627,60.749596860307,47.2255579039168,58.0714500802865,"-13.9%","-3.4%",-0.138592697184559,-0.0338295036232082
"lanzhou_chn.5_1_cn","Gansu","Lanzhou",47.3733744811642,43.8577263714553,45.8564196324342,44.7615267654912,41.8164138791651,41.3632106277895,"-5.7%","-8.8%",-0.0568774523909049,-0.0881012034007908
"leshan_chn.26_1_cn","Sichuan","Leshan",49.2873826406536,69.730319277693,44.7303412728751,51.4062047051222,45.8561351969858,62.11985706147,"-10.9%","2.5%",-0.109141364833211,0.0251684626603423
"lhasa_chn.29_1_cn","Xizang","Lhasa",15.5256490533604,13.0934230649828,14.5731961544624,11.605674458812,16.5453134962929,12.1963790819619,"-6.9%","13.5%",-0.0685110363095117,0.135324970646653
"liangshan_chn.26_1_cn","Sichuan","Liangshan",21.5352817358252,19.8779378633901,22.7608515493495,23.1496990109726,34.0240487678892,30.220465119615,"52%","49.5%",0.52030182040528,0.494849553151349
"lianyungang_chn.15_1_cn","Jiangsu","Lianyungang",48.4874992707998,66.7840713972663,46.429675790152,49.5551381365703,46.5086793526956,48.2631097236413,"-27.7%","0.2%",-0.277326034279233,0.00170157471916599
"liaocheng_chn.23_1_cn","Shandong","Liaocheng",75.9947359016555,91.4827493418194,68.1779280760977,78.634320706692,66.6692231511586,67.3085488054097,"-26.4%","-2.2%",-0.264248732250977,-0.0221289347962459
"liaoyang_chn.18_1_cn","Liaoning","Liaoyang",45.7629964713373,67.7861324627644,44.9751989587976,70.4203534698137,39.6619481793263,65.1961370422791,"-3.8%","-11.8%",-0.0382083374045287,-0.118137349082965
"liaoyuan_chn.17_1_cn","Jilin","Liaoyuan",36.0256447030264,57.8817297537904,39.1285244772473,59.81069532356,40.5011202847124,50.918378882926,"-12%","3.5%",-0.120303088737745,0.0350791609395666
"lijiang_chn.30_1_cn","Yunnan","Lijiang",14.4782724579488,10.2631836550525,12.6338982554114,12.8867348204839,13.5500813093114,16.3354375710173,"59.2%","7.3%",0.591654024721217,0.0725178432957208
"lin'an_chn.31_1_cn","Zhejiang","Lin'an",37.4101870149352,46.5347208872156,43.5897376943558,33.1451505972442,39.20465393661,36.4945116625189,"-21.6%","-10.1%",-0.215757374993841,-0.100598993930483
"lincang_chn.30_1_cn","Yunnan","Lincang",23.1185157390086,39.248199929767,22.2099572459897,36.8153503168082,21.1782227198789,45.9680171498135,"17.1%","-4.6%",0.171213386399156,-0.0464536925795798
"linfen_chn.25_1_cn","Shanxi","Linfen",70.5994533207176,107.345728038551,66.4234051101449,87.9156153963295,57.9833257771477,74.6042013113135,"-30.5%","-12.7%",-0.305010057926844,-0.127064839855795
"linxia_chn.5_1_cn","Gansu","Linxia",57.2742178870022,38.7068839359242,39.4881502883011,49.1179513319306,35.8167418596799,33.1178822414827,"-14.4%","-9.3%",-0.144392963889669,-0.0929749406294395
"linyi_chn.23_1_cn","Shandong","Linyi",66.3494623566881,91.9944746967713,67.1844830331536,65.9428896658411,65.4147372606576,67.0747245425311,"-27.1%","-2.6%",-0.270883118104427,-0.0263415850297259
"lishui_chn.31_1_cn","Zhejiang","Lishui",29.5829859180559,29.7388088322108,31.1293799789341,22.5907897571191,28.3732444152637,27.9486477403571,"-6%","-8.9%",-0.0601961262790983,-0.0885380809234093
"liupanshui_chn.8_1_cn","Guizhou","Liupanshui",27.4438508438453,31.1173706613674,27.0098667235578,30.584949371822,23.4794179955548,36.7595430815062,"18.1%","-13.1%",0.18131906071176,-0.130709594539529
"liuzhou_chn.7_1_cn","Guangxi","Liuzhou",38.3029371187803,39.1381703416407,41.4829161794903,34.0445308889186,37.183641544942,48.5238379033722,"24%","-10.4%",0.239808541886427,-0.103639643267747
"liyang_chn.15_1_cn","Jiangsu","Liyang",47.1693660801351,65.3679413869688,44.1098089598535,46.0261767197878,44.2818443232901,46.9540388538514,"-28.2%","0.4%",-0.281696228187909,0.00390016115447622
"longnan_chn.5_1_cn","Gansu","Longnan",31.3461919561299,32.2680134341742,17.8032877794901,23.3994179469751,21.1748451100041,28.3627647148012,"-12.1%","18.9%",-0.121025384080108,0.189378353721732
"longyan_chn.4_1_cn","Fujian","Longyan",24.3139903278143,24.5476573302217,29.9331347354547,21.5857554241035,21.3556992309682,29.6374417997673,"20.7%","-28.7%",0.207342981901551,-0.286553198664051
"loudi_chn.14_1_cn","Hunan","Loudi",32.5574103542247,45.0580758077517,47.4526318298596,35.6035224150282,41.8161634111378,47.0592600847911,"4.4%","-11.9%",0.0444134428992904,-0.118780944309501
"lu'an_chn.1_1_cn","Anhui","Lu'an",54.4850373197787,69.6044072974198,48.3169799292368,49.2613519444572,52.2066525972902,46.664864862392,"-33%","8.1%",-0.329570257483941,0.0805032242029622
"luliang_chn.25_1_cn","Shanxi","Luliang",49.1926011407267,63.4539406808446,39.9816118417762,50.1907879062094,36.3693574888032,41.5387492450462,"-34.5%","-9%",-0.345371638083529,-0.0903478921077085
"luohe_chn.12_1_cn","Henan","Luohe",86.2465481677915,101.19825199424,74.0742459817737,84.9138918756468,74.0048619099453,74.8710731539028,"-26%","-0.1%",-0.260154482133104,-0.000936682795873223
"luoyang_chn.12_1_cn","Henan","Luoyang",70.8915100156424,105.425706958395,75.2145095885874,74.3665192682844,69.2898093731297,66.7900924143727,"-36.6%","-7.9%",-0.366472425546736,-0.0787707085755786
"luzhou_chn.26_1_cn","Sichuan","Luzhou",39.4659391185752,63.3011092317545,41.6758734831325,55.3202095937483,43.3332867858996,60.4557251846839,"-4.5%","4%",-0.0449499871582539,0.0397691317360847
"ma'anshan_chn.1_1_cn","Anhui","Ma'anshan",45.3188027917125,62.8276925255977,48.376659658877,47.9505654392571,43.6255850735601,46.8506172088975,"-25.4%","-9.8%",-0.254299890294248,-0.0982100587105159
"maoming_chn.6_1_cn","Guangdong","Maoming",29.6576813368159,28.8990175795611,38.3605491686662,23.5464020756836,33.1580808156409,34.2867866397873,"18.6%","-13.6%",0.186434332772497,-0.135620278274714
"meishan_chn.26_1_cn","Sichuan","Meishan",38.0937122416291,51.0476777844193,40.7758688636348,42.8024363521286,38.7201648250786,48.6176215963023,"-4.8%","-5%",-0.0476036578662689,-0.0504147206631202
"meizhou_chn.6_1_cn","Guangdong","Meizhou",27.3718957081483,27.8674450699031,33.0047111786168,25.9394790888611,26.6319563306741,29.8994361499541,"7.3%","-19.3%",0.072916303412597,-0.193086217705533
"mianyang_chn.26_1_cn","Sichuan","Mianyang",48.8007116954148,55.8328108727022,41.9674730291252,48.6668005714898,37.4700832631378,54.1636519680008,"-3%","-10.7%",-0.0298956631165678,-0.107163701823699
"mudanjiang_chn.11_1_cn","Heilongjiang","Mudanjiang",31.9705430903402,57.4545483405483,35.7054415094869,48.8820492246415,36.7371972156679,49.3880627815696,"-14%","2.9%",-0.14039768463876,0.0288963155911928
"nagqu_chn.29_1_cn","Xizang","Nagqu",24.9089772748272,21.1550594516713,25.9208428500409,17.1809390540366,27.2225679402697,22.6611049384928,"7.1%","5%",0.0711907943469532,0.0502192423973125
"nanchang_chn.16_1_cn","Jiangxi","Nanchang",33.6837254167988,40.6368346212196,47.5181881111985,35.4119260780262,45.9690386743481,41.3914557744393,"1.9%","-3.3%",0.0185698802638949,-0.0326011891115291
"nanchong_chn.26_1_cn","Sichuan","Nanchong",50.7857201298509,64.299259573824,42.3471608784681,48.7766844573411,42.8565071518,56.1555741463984,"-12.7%","1.2%",-0.12665286476706,0.0120278730088588
"nanjing_chn.15_1_cn","Jiangsu","Nanjing",45.7435627622069,62.2955575449802,42.8169796558409,40.6506333077474,36.9472247818992,41.032372432536,"-34.1%","-13.7%",-0.341327471017355,-0.13708941922392
"nanning_chn.7_1_cn","Guangxi","Nanning",34.1702056451153,33.1850303465436,40.6485881311596,30.6765268485438,35.0688310314882,42.257392749296,"27.3%","-13.7%",0.273387196215034,-0.137268164927829
"nanping_chn.4_1_cn","Fujian","Nanping",19.7736288130506,19.2659352997075,25.2071664344429,19.5096867928974,21.3216946497791,26.7298488890005,"38.7%","-15.4%",0.387415065668067,-0.154141553147947
"nantong_chn.15_1_cn","Jiangsu","Nantong",49.2470340019859,55.9997554988095,42.7936713390524,42.4566726947456,39.6476640372766,42.485667597557,"-24.1%","-7.4%",-0.241324051879829,-0.0735157139673782
"nanyang_chn.12_1_cn","Henan","Nanyang",76.4404944379782,105.168834483123,71.6974061905494,74.3221638759519,75.3070542675512,76.5385024760124,"-27.2%","5%",-0.272232093735954,0.0503455880594688
"neijiang_chn.26_1_cn","Sichuan","Neijiang",40.8241864545335,56.9590872562835,38.5847718296194,49.9188753680196,40.7584499151826,58.9376622760926,"3.5%","5.6%",0.034736775378907,0.0563351286658258
"ningbo_chn.31_1_cn","Zhejiang","Ningbo",35.2486138653526,42.298372313628,31.5493050971541,27.7294147823521,25.3321951650284,27.7894753485992,"-34.3%","-19.7%",-0.343013127253461,-0.197060122655016
"ningde_chn.4_1_cn","Fujian","Ningde",20.5648540561511,28.7503189457601,25.7562095848709,26.4378055368522,22.3729720348069,30.0889564983397,"4.7%","-13.1%",0.046560789642196,-0.131356189617717
"nujiang_chn.30_1_cn","Yunnan","Nujiang",28.6593549450504,30.527615790501,24.2891773282969,27.4556476694479,22.4348366731123,41.0031084071749,"34.3%","-7.6%",0.343148075780405,-0.0763443170643886
"nyingchi_chn.29_1_cn","Xizang","Nyingchi",7.21124381598319,7.90041252394334,6.30740331332065,5.97955727123972,8.7577995412377,12.4826556072949,"58%","38.8%",0.580000483451263,0.388495250135985
"ordos_chn.19_1_cn","Nei Mongol","Ordos",22.868921660699,27.8314247872646,23.9439200082102,32.708433582334,26.4617513328711,27.6018635897593,"-0.8%","10.5%",-0.00824827328316813,0.105155351496228
"panjin_chn.18_1_cn","Liaoning","Panjin",37.0765941027563,56.5004954043541,42.9470240101278,54.2584754000494,36.8011547171514,62.0502191921516,"9.8%","-14.3%",0.0982243385315482,-0.143103496333694
"panzhihua_chn.26_1_cn","Sichuan","Panzhihua",30.4640059926067,31.7573753185115,32.5587494882984,33.069126878064,39.7644988387072,48.2839065891541,"52%","22.1%",0.52039978445603,0.221315298150457
"penglai_chn.23_1_cn","Shandong","Penglai",34.9496043760953,58.7660901150581,26.2425285162866,NA,38.7351851851852,NA,"NA%","47.6%",NA,0.476046226305727
"pingdingshan_chn.12_1_cn","Henan","Pingdingshan",81.8240159693994,98.3741929829857,66.247303876423,71.0250161567483,67.4857762134517,68.1339293675991,"-30.7%","1.9%",-0.307400372988237,0.0186946828710026
"pingdu_chn.23_1_cn","Shandong","Pingdu",49.2841427096494,71.542845801561,54.3967366369446,52.5948924518426,54.9005370804574,55.6615871521888,"-22.2%","0.9%",-0.221982484362198,0.00926159315172304
"pingliang_chn.5_1_cn","Gansu","Pingliang",37.8191054870845,43.7693632180077,25.4989006567049,30.7632651454751,31.285803577773,29.2734619432708,"-33.1%","22.7%",-0.331188306362497,0.226947153486259
"pingxiang_chn.16_1_cn","Jiangxi","Pingxiang",40.9975750811831,44.723978816954,47.9393850110379,36.6125901770671,45.5569818244908,48.7542525853985,"9%","-5%",0.0901143832694229,-0.0496961566361039
"pu'er_chn.30_1_cn","Yunnan","Pu'er",11.3236576962905,31.2571887801081,17.6491707501877,35.9315587489683,16.8036712658959,37.7349713884352,"20.7%","-4.8%",0.207241369462167,-0.047905904263682
"putian_chn.4_1_cn","Fujian","Putian",21.5292503366792,29.1078302683226,25.2120364609742,29.6450016557806,18.0970396686098,30.3076674440061,"4.1%","-28.2%",0.0412204264152678,-0.282206350263602
"puyang_chn.12_1_cn","Henan","Puyang",88.567749797538,108.847917496588,77.2191965479255,89.658105928158,81.1730793538531,77.9149285462076,"-28.4%","5.1%",-0.28418539979279,0.0512033662960181
"qamdo_chn.29_1_cn","Xizang","Qamdo",16.2813832928465,13.6548807568802,16.9417456026711,15.3689956094271,12.8030433771285,11.4729969686399,"-16%","-24.4%",-0.159787831698268,-0.244290188426042
"qiandongnan_chn.8_1_cn","Guizhou","Qiandongnan",27.4510805604002,30.5542042253379,31.2146676472729,29.9044329342876,30.6573869326827,36.5920289506521,"19.8%","-1.8%",0.197610275848952,-0.0178531682889445
"qiannan_chn.8_1_cn","Guizhou","Qiannan",25.4297399651333,24.5097861693931,22.6053504363866,24.5164197957554,22.0651283585652,29.3127305552043,"19.6%","-2.4%",0.195960272872923,-0.0238979740367927
"qianxinan_chn.8_1_cn","Guizhou","Qianxinan",12.2520080644556,24.8023624471112,22.8096251925495,28.3974970668419,21.9842574592849,37.2783039779951,"50.3%","-3.6%",0.503014241384777,-0.036185063379917
"qingdao_chn.23_1_cn","Shandong","Qingdao",38.0289429936467,64.9480861665357,45.1354865942329,45.6469222998345,38.1285526100201,45.8722973981116,"-29.4%","-15.5%",-0.293708250609744,-0.155242238711304
"qingyang_chn.5_1_cn","Gansu","Qingyang",33.9071158944293,47.4162941216622,36.4370995015313,44.2473813451493,36.5474581435371,39.6403030094775,"-16.4%","0.3%",-0.163994071156906,0.00302874387685881
"qingyuan_chn.6_1_cn","Guangdong","Qingyuan",39.8684185220269,35.7988696260646,44.1386114151866,35.9049246247765,31.2931651421577,37.6054617430342,"5%","-29.1%",0.0504650603731438,-0.291025156006816
"qinhuangdao_chn.10_1_cn","Hebei","Qinhuangdao",47.1165681824527,59.3794538974247,44.7054514541999,47.7714284253865,39.8787873396216,56.4883882158432,"-4.9%","-10.8%",-0.0486879802999831,-0.107965895826444
"qinzhou_chn.7_1_cn","Guangxi","Qinzhou",34.3691324668424,34.972036616042,41.3224334618195,31.0635211183629,36.2461633371666,44.8362717408732,"28.2%","-12.3%",0.282060642710935,-0.12284538202096
"qiqihar_chn.11_1_cn","Heilongjiang","Qiqihar",24.2587875977347,50.4673306917651,34.611133314688,51.4055334998886,18.8737096547026,28.8055768222204,"-42.9%","-45.5%",-0.429223293021901,-0.454692526734075
"qitaihe_chn.11_1_cn","Heilongjiang","Qitaihe",27.5925786001015,55.0747621441615,33.4752619545261,42.2155358944628,32.4959199093363,42.9947460551572,"-21.9%","-2.9%",-0.219338506762572,-0.0292556947431866
"quanzhou_chn.4_1_cn","Fujian","Quanzhou",21.6906025642022,30.4980641144335,26.652497534041,28.6485181212859,17.5753140697627,30.847696796657,"1.1%","-34.1%",0.0114640942753479,-0.340575342055083
"qujing_chn.30_1_cn","Yunnan","Qujing",20.7711025368281,22.1293944970757,21.3816810766713,26.4475207589105,21.0937749570891,34.0829843727126,"54%","-1.3%",0.540167959734127,-0.0134650834305216
"quzhou_chn.31_1_cn","Zhejiang","Quzhou",35.3372716796232,37.4846656398205,40.9559584439007,27.4997218692462,31.4542647463154,29.8487546459358,"-20.4%","-23.2%",-0.203707592519457,-0.231997835201446
"rizhao_chn.23_1_cn","Shandong","Rizhao",47.1997461013529,72.5625595995648,50.8503806307598,50.7191661418283,46.2876311729499,49.196695287646,"-32.2%","-9%",-0.322009924138053,-0.0897289145373646
"rongcheng_chn.23_1_cn","Shandong","Rongcheng",22.4718497836302,36.0963857515689,25.8052261357589,28.8277494664047,19.581572211287,23.1351537584904,"-35.9%","-24.1%",-0.359072846857392,-0.241178042452711
"rushan_chn.23_1_cn","Shandong","Rushan",29.3849972194144,40.632507652746,28.0927950547209,30.3063385672945,29.9167152056439,37.6882818715358,"-7.2%","6.5%",-0.072459859144608,0.0649248373958609
"sanmenxia_chn.12_1_cn","Henan","Sanmenxia",66.7716513745993,92.6954311453757,64.8735731350767,75.0636811966609,58.1199418341018,63.6879439997343,"-31.3%","-10.4%",-0.31293329981009,-0.104104506266562
"sanming_chn.4_1_cn","Fujian","Sanming",23.9751630255293,24.1224558417894,29.8829016167351,22.8490447231044,25.4406980511376,33.4785546169442,"38.8%","-14.9%",0.387858468330014,-0.148653689075151
"sanya_chn.9_1_cn","Hainan","Sanya",16.5596007347912,14.664282724543,17.3561204795852,11.5567113796809,15.4912116420435,16.5191492303992,"12.6%","-10.7%",0.126488730522891,-0.107449636555312
"seaport_chn.9_1_cn","Hainan","Seaport",18.8484832016169,17.7832522397088,22.6415861107322,13.8655767096915,22.9267255397524,21.4467032199461,"20.6%","1.3%",0.206005680561462,0.0125936154660604
"shanghai_chn.24_1_cn","Shanghai","Shanghai",34.8454094148722,47.6110268273058,36.9822430690019,38.4526286251743,31.8934947426626,35.4467559540832,"-25.5%","-13.8%",-0.255492722669997,-0.137599775028374
"shangluo_chn.22_1_cn","Shaanxi","Shangluo",38.7615389235965,53.1711633807014,31.8210185768923,44.7201695555031,34.6009120966466,39.9442999420488,"-24.9%","8.7%",-0.248760090952859,0.0873602934185465
"shangqiu_chn.12_1_cn","Henan","Shangqiu",78.8925944558078,90.6066984117155,69.4951406896982,78.1596379184592,71.6126879772616,69.0660200127801,"-23.8%","3%",-0.237738255300451,0.0304704367319495
"shangrao_chn.16_1_cn","Jiangxi","Shangrao",33.8977516659498,33.7464024779294,38.6841319453689,27.9473217818169,36.8357394845678,35.3673672895458,"4.8%","-4.8%",0.0480337070796353,-0.0477816708776478
"shannan_chn.29_1_cn","Xizang","Shannan",10.0293745543904,11.3015519482425,10.7192961306706,9.0634948002997,11.3910903240399,11.644844155248,"3%","6.3%",0.0303756695166884,0.0626714837597551
"shantou_chn.6_1_cn","Guangdong","Shantou",25.4578889622917,29.2759211951005,29.3527809605792,25.4234038351205,21.4364538514138,28.6832465359833,"-2%","-27%",-0.0202444409918831,-0.269695982803027
"shanwei_chn.6_1_cn","Guangdong","Shanwei",24.5925654397116,25.9631385251267,29.2119289493503,23.2517732310299,23.6499185081761,27.065041252854,"4.2%","-19%",0.0424410448937393,-0.190402025515603
"shaoguan_chn.6_1_cn","Guangdong","Shaoguan",32.9411182124439,31.1185998102139,38.0130128321312,24.9840226766804,31.5576556794935,33.9293171582273,"9%","-17%",0.0903227447621464,-0.169819666258634
"shaoxing_chn.31_1_cn","Zhejiang","Shaoxing",45.8039186585841,53.3138690476191,42.171142495964,30.2413421347267,35.6245415440122,36.2741659646726,"-32%","-15.5%",-0.319611076579846,-0.155238880534912
"shaoyang_chn.14_1_cn","Hunan","Shaoyang",42.9817960270175,51.59619972682,54.8975860205443,40.8374878697686,53.2522788773659,51.540027461013,"-0.1%","-3%",-0.00108868998306866,-0.0299704825374776
"shenyang_chn.18_1_cn","Liaoning","Shenyang",45.0547155788494,66.44223479308,47.7716801194724,65.6124222341872,42.7287214957615,62.1980442005454,"-6.4%","-10.6%",-0.0638779024479263,-0.105563769394314
"shenzhen_chn.6_1_cn","Guangdong","Shenzhen",27.9624160499286,26.7482870815416,35.9796477078149,22.5190782022929,28.521030082275,24.8470889041139,"-7.1%","-20.7%",-0.0710773804555012,-0.207301018790126
"shihezi_chn.28_1_cn","Xinjiang Uygur","Shihezi",83.4344514999994,138.44503360812,71.7340488867132,108.80571735818,78.6815622834314,113.009103499986,"-18.4%","9.7%",-0.183725840105847,0.096850986449827
"shijiazhuang_chn.10_1_cn","Hebei","Shijiazhuang",82.5580284883193,99.6287645165689,65.9416730555657,90.095035688247,64.4706384648509,72.136910440833,"-27.6%","-2.2%",-0.275942938860431,-0.0223081175006773
"shiyan_chn.13_1_cn","Hubei","Shiyan",41.7422174354496,61.087722811313,38.406969017807,37.9993796645156,41.0526190576826,44.2642006176091,"-27.5%","6.9%",-0.27539939973975,0.068884634938231
"shizuishan_chn.20_1_cn","Ningxia Hui","Shizuishan",44.8212470717687,48.1884908918108,44.0881986615286,64.6065891846703,50.5162837127915,48.0341006178952,"-0.3%","14.6%",-0.00320388273337369,0.145800582614232
"shouguang_chn.23_1_cn","Shandong","Shouguang",63.4323744690338,87.4454756720357,65.6651009556666,66.8117396773616,60.9132838818921,63.1871623453171,"-27.7%","-7.2%",-0.277410730975945,-0.0723644219626289
"shuangyashan_chn.11_1_cn","Heilongjiang","Shuangyashan",28.795609837031,50.6298916687213,28.7129582773344,41.4573960251317,28.5627931178692,39.4135416840942,"-22.2%","-0.5%",-0.221536124509554,-0.00522987419181453
"shuozhou_chn.25_1_cn","Shanxi","Shuozhou",50.7739176189131,62.8233840220152,44.4743927744115,60.0403122403741,44.8458903484513,48.8266928873405,"-22.3%","0.8%",-0.222794288346038,0.00835306680687409
"siping_chn.17_1_cn","Jilin","Siping",35.7608429427361,57.5358488901656,37.790425283111,53.6506081809159,30.1989910108761,46.0286470468051,"-20%","-20.1%",-0.200000557310408,-0.200882477912403
"songyuan_chn.17_1_cn","Jilin","Songyuan",26.9304922404904,51.5004402387382,34.9023323538044,47.8780443362389,24.2362604118415,34.864724722132,"-32.3%","-30.6%",-0.323020840977064,-0.305597684241874
"suihua_chn.11_1_cn","Heilongjiang","Suihua",36.3757714419687,75.6605315553156,42.0793924230947,79.422359435525,36.3179208584179,51.4670774482157,"-32%","-13.7%",-0.319763205594346,-0.136919076842818
"suining_chn.26_1_cn","Sichuan","Suining",35.9026193258999,45.1045762522431,35.0547382254326,42.2325956008812,33.8964568889045,46.2868972466567,"2.6%","-3.3%",0.0262128833181261,-0.0330420763401326
"suizhou_chn.13_1_cn","Hubei","Suizhou",50.3858454853405,68.9434925847899,49.4660178517052,49.1806365989718,51.9299834268328,52.3093072562798,"-24.1%","5%",-0.241272739527268,0.0498112781690723
"suqian_chn.15_1_cn","Jiangsu","Suqian",57.045509632013,71.7372203272051,60.6791810374559,63.5288226144872,59.0834518498319,56.3831620168151,"-21.4%","-2.6%",-0.214031966116858,-0.0262978036344786
"suzhou_chn.1_1_cn","Anhui","Suzhou",65.8377872826171,79.6162199883767,65.9218401944211,66.4134684910967,69.4740607493059,59.2674777386558,"-25.6%","5.4%",-0.255585385147544,0.053885336701893
"suzhou_chn.15_1_cn","Jiangsu","Suzhou",44.9964820885327,56.8393548024684,43.7114255448111,42.8864184344807,35.8377876440118,39.2093979151731,"-31%","-18%",-0.310171657446922,-0.180127685214192
"tacheng_chn.28_1_cn","Xinjiang Uygur","Tacheng",11.6510499598552,14.9524689314794,9.27978338218178,12.7841014888457,15.7585168884834,13.5165128843489,"-9.6%","69.8%",-0.0960347119737167,0.698155683110184
"tai'an_chn.23_1_cn","Shandong","Tai'an",69.9765656090492,91.4622923110569,65.0339211093546,70.4399650273259,67.0743123091851,65.881867529656,"-28%","3.1%",-0.279682742855423,0.0313742607707692
"taicang_chn.15_1_cn","Jiangsu","Taicang",40.3938456991537,53.5730645671745,30.3587711625298,32.3164794207623,31.5384415552324,35.7575773260556,"-33.3%","3.9%",-0.332545606361203,0.0388576463252435
"taiyuan_chn.25_1_cn","Shanxi","Taiyuan",63.1293766274472,80.3828070683599,60.6865805081526,76.9932933191574,59.822319356413,60.9111326857938,"-24.2%","-1.4%",-0.242236805266166,-0.0142413882031706
"taizhou_chn.15_1_cn","Jiangsu","Taizhou",50.9282741963182,63.6814010477033,47.2415866404147,46.4665504124978,41.1630281654197,47.0405110250312,"-26.1%","-12.9%",-0.261314759865388,-0.128669651196576
"taizhou_chn.31_1_cn","Zhejiang","Taizhou",27.2897175348331,34.1972099880796,30.1923925925589,29.5684221423799,25.7231955977068,31.4305906068214,"-8.1%","-14.8%",-0.0809019034658827,-0.148023942824378
"tangshan_chn.10_1_cn","Hebei","Tangshan",70.145608140235,72.5107063166932,58.3413611017466,69.1056843868857,50.9524499597666,67.359865533331,"-7.1%","-12.7%",-0.071035589708169,-0.126649618768645
"tianjin_chn.27_1_cn","Tianjin","Tianjin",61.7617924965663,71.5569340335188,55.3072821396349,69.2398815159504,52.1577534850007,59.0576730178905,"-17.5%","-5.7%",-0.174675748541342,-0.0569460029997948
"tianshui_chn.5_1_cn","Gansu","Tianshui",37.6634040658785,44.2685259034267,31.8249235999715,38.1095054526505,31.0140533188105,36.3844873460817,"-17.8%","-2.5%",-0.1780958004914,-0.0254790959234779
"tieling_chn.18_1_cn","Liaoning","Tieling",50.0311655250664,64.5783537473078,49.7050573679552,67.3292992983173,40.4984334396571,60.5574309325411,"-6.2%","-18.5%",-0.0622642508122835,-0.185225094101463
"tongchuan_chn.22_1_cn","Shaanxi","Tongchuan",50.0038375882723,76.1210215382406,51.8287300760889,61.9721322453733,56.6075766688961,55.336167585504,"-27.3%","9.2%",-0.273050118518115,0.0922045858694873
"tonghua_chn.17_1_cn","Jilin","Tonghua",27.9598646857057,47.9230641580289,33.4618170134918,41.2367039638955,28.2049728337747,35.0170658945435,"-26.9%","-15.7%",-0.269306616557889,-0.157099782644724
"tongliao_chn.19_1_cn","Nei Mongol","Tongliao",34.449969760278,41.5867337271378,37.6699605021246,43.8245984573822,32.1930432470672,45.8722966447556,"10.3%","-14.5%",0.10305120247569,-0.145392168774599
"tongling_chn.1_1_cn","Anhui","Tongling",53.9153694953578,71.8724625771214,49.6936980378591,44.8719825598775,45.2106836603486,45.0491522452131,"-37.3%","-9%",-0.373207058310073,-0.0902129355334972
"tongren_chn.8_1_cn","Guizhou","Tongren",23.8428950961787,48.4980299806206,41.3647261109326,36.7760227518114,35.8709598584989,37.3686645599344,"-22.9%","-13.3%",-0.229480773242405,-0.132812827956371
"turpan_chn.28_1_cn","Xinjiang Uygur","Turpan",59.6613003248873,70.6782834352078,70.4124967807399,69.2498846021315,59.8802647528449,65.9552190705004,"-6.7%","-15%",-0.0668248312657048,-0.14957901664376
"urumqi_chn.28_1_cn","Xinjiang Uygur","Urumqi",68.8373130506512,108.509254432672,66.4563581938921,86.6457433360093,76.5305496119405,92.5513096167125,"-14.7%","15.2%",-0.147065288572793,0.151591084613095
"wafangdian_chn.18_1_cn","Liaoning","Wafangdian",43.6375849559676,69.0291920174283,37.6610075611684,NA,43.896379166177,NA,"NA%","16.6%",NA,0.165565713951789
"weifang_chn.23_1_cn","Shandong","Weifang",61.1541488366357,87.9370795456461,63.8266270559207,68.6449535676928,63.6383202447872,60.681705742737,"-31%","-0.3%",-0.309941766814777,-0.00295028610815551
"weihai_chn.23_1_cn","Shandong","Weihai",25.8504941404577,48.7769900535823,31.4179395350069,34.2139287252311,28.4167877079061,37.5234861635997,"-23.1%","-9.6%",-0.230713372793615,-0.0955235089098303
"weinan_chn.22_1_cn","Shaanxi","Weinan",66.5627858588541,98.6907412879671,64.6660396281994,81.0764156709968,71.7137410863459,70.9999324045893,"-28.1%","10.9%",-0.280581628245952,0.108986130875922
"wendeng_chn.23_1_cn","Shandong","Wendeng",22.4232468370516,36.6322482350995,23.6432887841208,27.3248222574639,22.8523019026021,28.2997776384032,"-22.7%","-3.3%",-0.227462713814886,-0.0334550277138215
"wenshan_chn.30_1_cn","Yunnan","Wenshan",23.0020570290347,30.61146413277,27.8311229612095,37.2868912583996,22.877551289072,38.4417235066329,"25.6%","-17.8%",0.255794996929943,-0.1779867696694
"wenzhou_chn.31_1_cn","Zhejiang","Wenzhou",26.7285575747659,32.8199805542898,33.4659538351369,25.8223828575986,27.1601881901442,33.0521137262938,"0.7%","-18.8%",0.00707292228951961,-0.188423305549778
"wuhai_chn.19_1_cn","Nei Mongol","Wuhai",38.5576523864372,38.9459228864822,33.4864271616213,47.2367344480372,36.9866042158832,33.1514707901432,"-14.9%","10.5%",-0.148781994799006,0.104525246523566
"wuhan_chn.13_1_cn","Hubei","Wuhan",57.3604311324208,69.2032981161133,48.0108825233729,43.1236470158759,50.6586323034224,51.3775010161131,"-25.8%","5.5%",-0.25758594727799,0.0551489504230738
"wuhu_chn.1_1_cn","Anhui","Wuhu",51.8754923789507,69.3027990028345,47.7202809806488,48.0865425736952,45.4856609263626,49.2411409942579,"-28.9%","-4.7%",-0.289478322625268,-0.0468274705924799
"wujiang_chn.15_1_cn","Jiangsu","Wujiang",43.1562557432771,60.8794633608421,36.6206651257673,36.2380168294506,32.659838580679,36.5615612361584,"-39.9%","-10.8%",-0.399443437609621,-0.10815823610755
"wujiaqu_chn.28_1_cn","Xinjiang Uygur","Wujiaqu",85.8063058534817,124.631705343534,82.6507259140554,108.336257907226,80.6286926626598,118.472104063408,"-4.9%","-2.4%",-0.0494224263653241,-0.0244647972420496
"wulanchabu_chn.19_1_cn","Nei Mongol","Wulanchabu",25.5645531673409,31.0993890552,24.4041791794193,27.5268988440423,25.2266324968646,32.6583179604486,"5%","3.4%",0.0501273160859075,0.0337013308826586
"wuwei_chn.5_1_cn","Gansu","Wuwei",42.1975270784374,41.3313593935242,36.2132463029645,47.4435425321228,46.8410069339018,42.4378246993587,"2.7%","29.3%",0.026770600388426,0.293477158662443
"wuxi_chn.15_1_cn","Jiangsu","Wuxi",44.3340863298858,54.8579712884981,44.4572906662054,39.4028788989633,37.79674200031,39.3689798891428,"-28.2%","-15%",-0.282347141820078,-0.149819041288508
"wuzhong_chn.20_1_cn","Ningxia Hui","Wuzhong",37.6527619167384,43.1395151912575,32.731426205935,51.3017158469173,45.8220092348578,40.4979407026185,"-6.1%","40%",-0.0612332910309183,0.399939279961751
"wuzhou_chn.7_1_cn","Guangxi","Wuzhou",33.1034654074478,30.2101119059101,39.8849557621839,26.6793727210551,34.2742602021044,36.5865214254345,"21.1%","-14.1%",0.211068715646729,-0.140671976509981
"xi'an_chn.22_1_cn","Shaanxi","Xi'an",70.0568022726031,98.0175371010118,73.1393488289025,84.5071361855098,63.0037368016595,69.6346597921118,"-29%","-13.9%",-0.289569378586304,-0.138579467680982
"xiamen_chn.4_1_cn","Fujian","Xiamen",22.4094076206589,28.6839783974924,27.7176400034486,24.7588056810828,17.6202283922881,28.8246898714438,"0.5%","-36.4%",0.00490557732269337,-0.364295503149048
"xiangtan_chn.14_1_cn","Hunan","Xiangtan",55.0610239231657,67.9954418989099,60.3960779309734,43.8293979682115,59.2239139541394,56.1620854570707,"-17.4%","-1.9%",-0.174031613169483,-0.0194079486117238
"xiangxi_chn.14_1_cn","Hunan","Xiangxi",31.0379940113604,43.2262278362793,30.8212215427206,30.890885458412,31.141695937145,34.1961432411174,"-20.9%","1%",-0.208902905647092,0.0103978485726199
"xiangyang_chn.13_1_cn","Hubei","Xiangyang",73.7653891103108,100.729895226235,70.5115216022784,67.248995126852,76.7881475730195,72.8393290301733,"-27.7%","8.9%",-0.27688469379841,0.0890156080611126
"xianning_chn.13_1_cn","Hubei","Xianning",40.1588926611768,53.0268851659021,39.1090094512044,35.4677844034111,41.2245741908143,35.11629708925,"-33.8%","5.4%",-0.337764287316072,0.054094050687973
"xianyang_chn.22_1_cn","Shaanxi","Xianyang",78.4286843572616,115.583523435481,75.7569275604833,87.4709254928495,68.7501011751105,83.4560230322409,"-27.8%","-9.2%",-0.277959171414026,-0.092490899657707
"xiaogan_chn.13_1_cn","Hubei","Xiaogan",51.0982475976449,63.9547430445255,49.8058387141703,45.8506936245985,46.9249267843053,46.7872058650738,"-26.8%","-5.8%",-0.268432587830111,-0.0578428554611474
"xigaze_chn.29_1_cn","Xizang","Xigaze",16.9278352665041,12.7613881715618,13.9050601407213,11.4444153685694,13.9134609356325,11.2779422757377,"-11.6%","0.1%",-0.116244868965737,0.000604153799130591
"xilin gol_chn.19_1_cn","Nei Mongol","Xilin Gol",11.8011302078512,9.91700971767095,9.24111245641026,10.7684386339281,9.34195580570455,12.3469763459186,"24.5%","1.1%",0.245030175166389,0.0109124685766955
"xinganmeng_chn.19_1_cn","Nei Mongol","Xinganmeng",25.9799224498905,36.7066408573769,25.7586073094779,37.9559999289224,21.3939428187211,33.419794063886,"-9%","-16.9%",-0.0895436552274534,-0.169444894217972
"xingtai_chn.10_1_cn","Hebei","Xingtai",82.3604124601981,102.382882398978,69.7761294503134,85.1473281570447,63.414337248503,65.6175724835575,"-35.9%","-9.1%",-0.35909625763562,-0.0911743350043587
"xining_chn.21_1_cn","Qinghai","Xining",42.6406254099552,44.0164133853793,41.2434835793241,43.0741415995796,47.2844149297898,42.7224592340924,"-2.9%","14.6%",-0.0293970828553874,0.146469959038429
"xinxiang_chn.12_1_cn","Henan","Xinxiang",76.3583744173947,91.8801035835269,64.4406259478114,70.9788096382402,69.719499655373,64.6206374480415,"-29.7%","8.2%",-0.296685191595417,0.0819184114045834
"xinyang_chn.12_1_cn","Henan","Xinyang",66.955964491111,80.906677020467,54.0118401584177,58.8375453573908,52.5320676994805,58.9591328545639,"-27.1%","-2.7%",-0.27126987504815,-0.0273971865168264
"xinyu_chn.16_1_cn","Jiangxi","Xinyu",37.1629356314777,38.915312601484,43.6473795695076,29.4577787199116,39.4146662193348,37.6960554279217,"-3.1%","-9.7%",-0.0313310389164343,-0.0969751997008721
"xinzhou_chn.25_1_cn","Shanxi","Xinzhou",58.7808636104603,75.2911546555445,42.3550437000881,76.0182777243116,44.8831174404192,68.5412844946591,"-9%","6%",-0.0896502410112574,0.0596876669100395
"xishuangbanna_chn.30_1_cn","Yunnan","Xishuangbanna",19.6373224072931,42.3008121958015,26.3820412292062,52.0628556737594,20.4900233545121,44.9486781113412,"6.3%","-22.3%",0.06259610106972,-0.223334419937579
"xuancheng_chn.1_1_cn","Anhui","Xuancheng",47.9056663046543,61.3710450227654,45.5685772971805,42.9273070724434,44.1549828916815,40.9949851342967,"-33.2%","-3.1%",-0.332014223986413,-0.0310212538846681
"xuchang_chn.12_1_cn","Henan","Xuchang",84.9265349704144,100.335851676699,71.1362290237657,74.9966076832284,75.0196934558491,71.9402399619667,"-28.3%","5.5%",-0.283005637967055,0.0545919355773834
"xuzhou_chn.15_1_cn","Jiangsu","Xuzhou",73.932623715546,87.8904174147865,66.9946332127096,69.6468027857529,63.7319909815791,59.0657601379547,"-32.8%","-4.9%",-0.327961319614605,-0.0487000536411849
"ya'an_chn.26_1_cn","Sichuan","Ya'an",41.8481811428309,50.7567515247831,41.9661049137073,37.3668567665323,32.2943503333307,42.9541549869617,"-15.4%","-23%",-0.153725293747605,-0.23046586287348
"yan'an_chn.22_1_cn","Shaanxi","Yan'an",37.2561289242338,45.3873990174162,34.6958515160393,44.1211064833245,37.9575244223885,41.7503966931524,"-8%","9.4%",-0.0801324244834593,0.0940075762326025
"yanbian_chn.17_1_cn","Jilin","Yanbian",27.7018184861734,44.2024117395303,27.8485798153692,32.8601244131776,23.0152278522459,32.5359674576208,"-26.4%","-17.4%",-0.263932301944426,-0.173558292565276
"yancheng_chn.15_1_cn","Jiangsu","Yancheng",49.165243551682,63.3417900853913,44.1002072477749,43.5142040678347,38.5942031076413,40.2116747097485,"-36.5%","-12.5%",-0.365163588595476,-0.124852114848312
"yangjiang_chn.6_1_cn","Guangdong","Yangjiang",37.8905737881442,34.6910263691189,42.6296017593637,24.7036566572844,33.7507433726562,31.1883265957494,"-10.1%","-20.8%",-0.100968467640598,-0.208279177385402
"yangquan_chn.25_1_cn","Shanxi","Yangquan",63.7596345766418,81.1944331795813,52.5266043013783,65.673921947238,51.2276203634198,64.1069327886935,"-21%","-2.5%",-0.210451624843474,-0.0247300192966105
"yangzhou_chn.15_1_cn","Jiangsu","Yangzhou",52.5527210242539,69.0580589713561,44.3338840568465,46.2999380495825,46.8528476688239,46.2295877265146,"-33.1%","5.7%",-0.330569257011847,0.0568180222772154
"yantai_chn.23_1_cn","Shandong","Yantai",31.4190156321848,61.4432339250997,41.1694611577022,41.7469998128197,39.8241037437483,46.8306793515085,"-23.8%","-3.3%",-0.237822029214871,-0.0326785286015873
"yibin_chn.26_1_cn","Sichuan","Yibin",54.5971451778067,75.5773880301374,49.9898117341665,57.139413364392,53.4975294903766,69.8181833906184,"-7.6%","7%",-0.0762027478010014,0.0701686530620143
"yichang_chn.13_1_cn","Hubei","Yichang",57.6894071835124,96.8312658093777,56.5527849323387,60.2724484075123,57.3859997676523,63.3668961242184,"-34.6%","1.5%",-0.345594673429524,0.0147334005975208
"yichun_chn.11_1_cn","Heilongjiang","Yichun",17.8889326128365,27.4320838958129,20.3112262493375,30.2013435599036,16.4381632713612,22.4574439609278,"-18.1%","-19.1%",-0.18134385830033,-0.19068582715938
"yichun_chn.16_1_cn","Jiangxi","Yichun",35.182078635736,40.5728040602241,43.673199277121,32.2029669253796,41.1280707799758,40.2595606652396,"-0.8%","-5.8%",-0.00772052615637786,-0.0582766671384791
"yinchuan_chn.20_1_cn","Ningxia Hui","Yinchuan",43.1125014500394,43.0355101665829,34.5576442988,51.4507667580695,46.677623740243,34.3557602594812,"-20.2%","35.1%",-0.201688091380906,0.350717755430566
"yingkou_chn.18_1_cn","Liaoning","Yingkou",44.7622760784688,64.884213579085,48.318296908167,66.4584981042259,42.3834583834235,61.5080265662741,"-5.2%","-12.3%",-0.052034028411176,-0.122827974173492
"yingtan_chn.16_1_cn","Jiangxi","Yingtan",37.3574069962626,38.3547410958924,46.1636313441887,34.3824881603893,43.993877530857,37.4386542361932,"-2.4%","-4.7%",-0.0238845794163716,-0.0470013677467075
"yiwu_chn.31_1_cn","Zhejiang","Yiwu",34.9762213152718,56.1735037256978,43.2452244991261,27.1273609408168,34.7706457066338,30.3992498348334,"-45.9%","-19.6%",-0.45883294046822,-0.195965656107614
"yixing_chn.15_1_cn","Jiangsu","Yixing",43.4741517159423,53.7317412970954,44.2106171960757,39.0088280078119,34.9906848102122,36.5985741563343,"-31.9%","-20.9%",-0.318864915358462,-0.208545660988464
"yiyang_chn.14_1_cn","Hunan","Yiyang",44.4121493808214,81.1120439925401,66.049397559369,49.0699208274093,65.0987114949656,58.4872618792249,"-27.9%","-1.4%",-0.278932461810432,-0.0143935614787235
"yongzhou_chn.14_1_cn","Hunan","Yongzhou",51.6809580312312,52.0907765042113,48.6967881294271,36.7885547435384,53.132965108081,47.6885553747693,"-8.5%","9.1%",-0.0845105683745391,0.0910979378529726
"yueyang_chn.14_1_cn","Hunan","Yueyang",47.9907956320974,56.587470715349,50.327561182981,43.8205074619266,50.3227819024721,46.4731724383361,"-17.9%","0%",-0.17873741570622,-9.49634831606261e-05
"yulin_chn.22_1_cn","Shaanxi","Yulin",33.7820474734312,45.1268567148714,38.1444398094458,48.3624049184878,37.1154112026866,38.2444365801803,"-15.3%","-2.7%",-0.152512730460639,-0.0269771587130359
"yulin_chn.7_1_cn","Guangxi","Yulin",34.898224137805,33.4415588792976,46.5658197113373,31.1391926548401,34.3834694763902,43.7931920759608,"31%","-26.2%",0.309543978916351,-0.26161571535658
"yuncheng_chn.25_1_cn","Shanxi","Yuncheng",67.5284488737317,97.0940046439989,77.8074790130244,90.0822008706936,67.6113547293769,72.4839629860913,"-25.3%","-13.1%",-0.253466130562251,-0.131042984723111
"yunfu_chn.6_1_cn","Guangdong","Yunfu",34.4523098740559,31.3692006824997,38.9019653922642,24.608926976286,29.1473515237595,32.3983758735332,"3.3%","-25.1%",0.0328084608036463,-0.250748613087925
"yushu_chn.21_1_cn","Qinghai","Yushu",13.7817960552066,14.0137241810793,12.0918022933154,11.1199915476904,9.62971097839423,10.7689355011742,"-23.2%","-20.4%",-0.231543638077734,-0.20361657056552
"yuxi_chn.30_1_cn","Yunnan","Yuxi",19.2243269469753,28.6957404242931,20.2738334664567,30.3337880790888,18.7437308497248,37.3341802444126,"30.1%","-7.5%",0.301035613383457,-0.075471795665259
"zaozhuang_chn.23_1_cn","Shandong","Zaozhuang",72.6564998148915,93.9424381025045,71.5872506108521,72.8535391538384,72.0556911708894,64.5938420832456,"-31.2%","0.7%",-0.312410414420323,0.00654363110805534
"zhangjiagang_chn.15_1_cn","Jiangsu","Zhangjiagang",41.6710021075096,60.9546508076853,43.3866416106323,43.0636115277938,38.1498825861472,41.6579091210485,"-31.7%","-12.1%",-0.316575379088281,-0.120699801369317
"zhangjiajie_chn.14_1_cn","Hunan","Zhangjiajie",32.5240713889922,46.1144769035329,31.0941002222777,31.2555263269502,30.9061478710544,29.4405850546867,"-36.2%","-0.6%",-0.361576081275439,-0.0060446306495352
"zhangjiakou_chn.10_1_cn","Hebei","Zhangjiakou",30.4179238325944,30.2442873026999,30.8188852644616,32.0737310591559,26.2425365462033,40.3996694357283,"33.6%","-14.8%",0.33577852344108,-0.148491701727302
"zhangqiu_chn.23_1_cn","Shandong","Zhangqiu",60.0974490481185,73.4706218887991,56.9132873728365,65.8465225770114,59.1025930050373,59.3070873654082,"-19.3%","3.8%",-0.192778203848988,0.0384673901870882
"zhangye_chn.5_1_cn","Gansu","Zhangye",44.555228311796,42.6893501545978,30.9492112168196,43.6198145809641,37.5860785829555,38.0786055452456,"-10.8%","21.4%",-0.10800690553158,0.214443829267257
"zhangzhou_chn.4_1_cn","Fujian","Zhangzhou",28.8802369983275,39.9746257051844,34.430486226082,25.4388186662652,24.7363945839919,36.2136113609061,"-9.4%","-28.2%",-0.094085042146889,-0.28155546739699
"zhanjiang_chn.6_1_cn","Guangdong","Zhanjiang",30.5777128150691,28.5805043587894,39.5821115878713,22.8319892769089,34.5342854982019,34.8318287670285,"21.9%","-12.8%",0.218726875137058,-0.127527963698029
"zhaoqing_chn.6_1_cn","Guangdong","Zhaoqing",39.1589916778795,37.1610904756871,41.3364691286939,28.0580851388632,29.5148798436221,31.9898131753164,"-13.9%","-28.6%",-0.139158384056412,-0.285984495876206
"zhaotong_chn.30_1_cn","Yunnan","Zhaotong",18.5069074582991,22.5698813898244,22.4562073296581,25.1329715213685,20.8255512055813,31.6255076646381,"40.1%","-7.3%",0.401226134883298,-0.0726149389404284
"zhaoyuan_chn.23_1_cn","Shandong","Zhaoyuan",39.9466196147782,72.5288734175157,36.8008014044779,38.573763775326,58.4694019870609,66.192539140451,"-8.7%","58.9%",-0.087362921530426,0.588807845362478
"zhengzhou_chn.12_1_cn","Henan","Zhengzhou",80.017069883357,98.8877016370993,65.7571447667524,76.9410731327939,66.462143203982,68.0860295710092,"-31.1%","1.1%",-0.311481322309693,0.0107212446606424
"zhenjiang_chn.15_1_cn","Jiangsu","Zhenjiang",54.3574635134089,67.6766839189264,48.9430266391763,49.2343740173101,45.824092106064,52.0771329403657,"-23.1%","-6.4%",-0.230501113163999,-0.0637258205567477
"zhongshan_chn.6_1_cn","Guangdong","Zhongshan",33.4734870052214,33.320037548123,38.2817990154357,21.0456812977614,30.7134817358367,27.6007449755823,"-17.2%","-19.8%",-0.171647242722355,-0.197700146655787
"zhongwei_chn.20_1_cn","Ningxia Hui","Zhongwei",36.7889859785727,41.1548542236173,30.9233385288533,44.1754345912113,41.5881075310392,35.6402976935988,"-13.4%","34.5%",-0.133995287653184,0.344877671996349
"zhoukou_chn.12_1_cn","Henan","Zhoukou",83.4136505514019,92.9777441500518,68.6448705116236,77.6038544549815,68.8196486013417,70.3299740210299,"-24.4%","0.3%",-0.243582701818103,0.00254612017497324
"zhoushan_chn.31_1_cn","Zhejiang","Zhoushan",19.6000902461045,29.7712171069908,18.1166943064646,21.0097729603008,15.4190685602626,21.2629615633943,"-28.6%","-14.9%",-0.285787964698246,-0.148902757896589
"zhuhai_chn.6_1_cn","Guangdong","Zhuhai",31.6139018815097,30.7948083259968,35.8188504442137,20.9535138130812,29.9412709310139,28.8136504973824,"-6.4%","-16.4%",-0.064334150342542,-0.164091796367219
"zhuji_chn.31_1_cn","Zhejiang","Zhuji",40.4257196341425,46.1184859956279,43.5843472982782,32.0309588528673,33.9970944348199,32.4447213448119,"-29.6%","-22%",-0.296492054229887,-0.219970091506615
"zhumadian_chn.12_1_cn","Henan","Zhumadian",73.6508550598782,83.5843886195118,60.838372780828,66.2843949652533,59.8795097569734,61.3998630265394,"-26.5%","-1.6%",-0.265414701948225,-0.0157608262684621
"zhuzhou_chn.14_1_cn","Hunan","Zhuzhou",52.3444873255014,65.7259731718656,59.4297221804726,41.9784107496575,56.8046751972152,56.7210743318431,"-13.7%","-4.4%",-0.137006702304366,-0.0441706083579823
"zibo_chn.23_1_cn","Shandong","Zibo",69.62519188929,85.8437357372701,68.0341188645637,71.8732229086341,70.6526767660984,67.4617836154322,"-21.4%","3.8%",-0.214132714099221,0.0384888927090759
"zigong_chn.26_1_cn","Sichuan","Zigong",59.1227646963595,70.9518237172449,53.9552343825265,63.2930420722081,57.8566323527793,69.8320595708639,"-1.6%","7.2%",-0.0157820347344902,0.0723080534243088
"ziyang_chn.26_1_cn","Sichuan","Ziyang",46.3219625528737,58.9661243034447,37.7348828698827,46.0909344576458,38.3926724820974,52.3784881840269,"-11.2%","1.7%",-0.111718994545364,0.01743187104841
"zunyi_chn.8_1_cn","Guizhou","Zunyi",23.221576429374,27.3625887817369,23.1834041482581,21.8997638893456,22.6399388492993,31.8946856370822,"16.6%","-2.3%",0.165631142999531,-0.0234419973651555
